Car Name,Price,Dealer Name,Transmission Type,Drivetrain,Fuel Type,Rating,Reviews,Location,Mileage
2020 Jeep Cherokee Limited,"$20,399",Al Packer Ford,CVT,All-Wheel Drive,Hybrid,4.1,"2,174 reviews","Baltimore, MD (15 mi.)","54,832 mi."
2021 Volkswagen Atlas 3.6L SEL Premium,"$32,999",King Kia,CVT,All-Wheel Drive,Hybrid,4.7,208 reviews,"Gaithersburg, MD","30,432 mi."
2023 Subaru Crosstrek Hybrid Base,"$31,000",Heritage Toyota Catonsville,CVT,All-Wheel Drive,Hybrid,4.4,"1,876 reviews","Baltimore, MD (6 mi.)","38,011 mi."
2023 Toyota RAV4 Prime SE,"$37,000",Heritage Toyota Catonsville,CVT,All-Wheel Drive,Hybrid,4.4,"1,876 reviews","Baltimore, MD (6 mi.)","39,075 mi."
2024 Toyota RAV4 Hybrid XLE,"$33,500",Heritage Toyota Catonsville,CVT,All-Wheel Drive,Hybrid,4.4,"1,876 reviews","Baltimore, MD (6 mi.)","18,050 mi."
2019 Toyota Highlander Hybrid Limited,"$35,000",Heritage Toyota Catonsville,CVT,All-Wheel Drive,Hybrid,4.4,"1,876 reviews","Baltimore, MD (6 mi.)","43,137 mi."
2020 Lexus NX 300h Base,"$28,637",DARCARS Lexus Of Silver Spring,CVT,All-Wheel Drive,Hybrid,4.5,"1,797 reviews","Silver Spring, MD (20 mi.)","69,175 mi."
2017 Toyota Highlander Hybrid XLE,"$22,998",Volvo Cars Annapolis,CVT,All-Wheel Drive,Hybrid,4.7,"2,617 reviews","Annapolis, MD (20 mi.)","102,756 mi."
2019 Lexus RX 450h 450H,"$36,500",DARCARS Lexus Of Silver Spring,CVT,All-Wheel Drive,Hybrid,4.5,"1,797 reviews","Silver Spring, MD (20 mi.)","47,520 mi."
2021 Toyota Sienna,"$39,800",Century Chrysler Dodge Jeep RAM,CVT,All-Wheel Drive,Hybrid,0,10 reviews,"Mt Airy, MD (27 mi.)","62,460 mi."
2024 Toyota RAV4 Prime XSE,"$46,999",DARCARS 355 Toyota Rockville,CVT,All-Wheel Drive,Hybrid,2.5,289 reviews,"Rockville, MD (28 mi.)","9,537 mi."
2022 Toyota RAV4 Hybrid XLE Premium,"$34,295",Alexandria Toyota,CVT,All-Wheel Drive,Hybrid,4.5,618 reviews,"Alexandria, VA (35 mi.)","27,167 mi."
2008 Toyota Highlander Hybrid Limited,"$7,965","Certified Car Center, Inc",CVT,All-Wheel Drive,Hybrid,4.6,370 reviews,"Fairfax, VA (42 mi.)","148,000 mi."
2023 Toyota RAV4 Prime SE,"$40,000",Waldorf Toyota,CVT,All-Wheel Drive,Hybrid,4.7,"1,292 reviews","Waldorf, MD (44 mi.)","10,379 mi."
2020 Lexus NX 300h Base,"$35,700",Pohanka Lexus,CVT,All-Wheel Drive,Hybrid,4,"1,915 reviews","Chantilly, VA (48 mi.)","42,656 mi."
2020 Lexus NX 300h Base,"$33,550",Pohanka Lexus,CVT,All-Wheel Drive,Hybrid,4,"1,915 reviews","Chantilly, VA (48 mi.)","61,174 mi."
2023 Lexus LS 500h Base,"$95,977",Pohanka Lexus,CVT,All-Wheel Drive,Hybrid,4,"1,915 reviews","Chantilly, VA (48 mi.)","1,458 mi."
2022 Lexus NX 350h Base,"$47,250",Pohanka Lexus,CVT,All-Wheel Drive,Hybrid,4,"1,915 reviews","Chantilly, VA (48 mi.)","7,055 mi."
2022 Toyota Venza Limited,"$34,937",Volvo Cars Hagerstown,CVT,All-Wheel Drive,Hybrid,0,1 review,"Hagerstown, MD (60 mi.)","33,624 mi."
2021 Toyota Highlander Hybrid Limited,"$39,000",Chambersburg Hyundai,CVT,All-Wheel Drive,Hybrid,0,2 reviews,"Chambersburg, PA (68 mi.)","44,160 mi."
2016 Toyota RAV4 Hybrid XLE,"$14,595",Del Toyota,CVT,All-Wheel Drive,Hybrid,4.7,"6,925 reviews","Thorndale, PA (72 mi.)","150,900 mi."
2020 Toyota Prius LE,"$21,990",Del Toyota,CVT,All-Wheel Drive,Hybrid,4.7,"6,925 reviews","Thorndale, PA (72 mi.)","87,584 mi."
2020 Jeep Cherokee Limited,"$20,399",Al Packer Ford,CVT,All-Wheel Drive,Hybrid,4.1,"2,174 reviews","Baltimore, MD (15 mi.)","54,832 mi."
2025 Mercedes-Benz CLA 250 Base 4MATIC,"$50,990",Mercedes-Benz of Wilmington,CVT,All-Wheel Drive,Hybrid,3.6,"1,802 reviews","Wilmington, DE","4,795 mi."
2020 Toyota Highlander Hybrid Limited,"$34,000",Heritage Toyota Owings Mills,CVT,All-Wheel Drive,Hybrid,4.6,"1,364 reviews","Owings Mills, MD (13 mi.)","79,243 mi."
2020 Subaru Crosstrek Hybrid Base,"$26,240",Herb Gordon Subaru,CVT,All-Wheel Drive,Hybrid,5,"1,627 reviews","Silver Spring, MD (19 mi.)","38,954 mi."
2021 Toyota RAV4 Hybrid Limited,"$29,000",Ourisman Toyota 40,CVT,All-Wheel Drive,Hybrid,4.6,479 reviews,"Edgewood, MD (23 mi.)","53,305 mi."
2023 Toyota RAV4 Hybrid XLE,"$30,500",Ourisman Toyota 40,CVT,All-Wheel Drive,Hybrid,4.6,479 reviews,"Edgewood, MD (23 mi.)","36,298 mi."
2021 Toyota Highlander Hybrid Limited,"$36,998",Jones Used Cars,CVT,All-Wheel Drive,Hybrid,3.7,225 reviews,"Bel Air, MD (25 mi.)","66,951 mi."
2024 Toyota RAV4 Hybrid SE,"$34,280",DARCARS Volvo Cars,CVT,All-Wheel Drive,Hybrid,4.6,364 reviews,"Rockville, MD (28 mi.)","28,547 mi."
2024 Toyota Corolla Cross Hybrid,"$33,995",Alexandria Toyota,CVT,All-Wheel Drive,Hybrid,4.5,618 reviews,"Alexandria, VA (35 mi.)","11,399 mi."
2021 Lexus UX 250h F Sport,"$24,500",Koons Tysons Toyota,CVT,All-Wheel Drive,Hybrid,4.7,"2,580 reviews","Vienna, VA (37 mi.)","103,626 mi."
2022 Lexus RX 450h F Sport Appearance,"$44,489",Bill Page Honda,CVT,All-Wheel Drive,Hybrid,4.4,"1,727 reviews","Falls Church, VA (38 mi.)","45,166 mi."
2024 Honda CR-V Hybrid Sport-L,"$36,421",Honda of Chantilly,CVT,All-Wheel Drive,Hybrid,4,712 reviews,"Chantilly, VA (48 mi.)","9,501 mi."
2018 Toyota RAV4 Hybrid XLE,"$21,770",Toyota of York,CVT,All-Wheel Drive,Hybrid,3.2,628 reviews,"York, PA (52 mi.)","87,895 mi."
2022 Toyota RAV4 Hybrid SE,"$33,240",Toyota of York,CVT,All-Wheel Drive,Hybrid,3.2,628 reviews,"York, PA (52 mi.)","42,960 mi."
2024 Toyota RAV4 Hybrid XLE,"$36,997",Toyota of York,CVT,All-Wheel Drive,Hybrid,3.2,628 reviews,"York, PA (52 mi.)","17,654 mi."
2020 Toyota RAV4 Hybrid Limited,"$24,500",Jack Giambalvo Mazda,CVT,All-Wheel Drive,Hybrid,5,6 reviews,"York, PA (52 mi.)","94,475 mi."
2021 Toyota RAV4 Hybrid XLE,"$28,966","Lancaster County Motors, Inc.",CVT,All-Wheel Drive,Hybrid,4.7,964 reviews,"East Petersburg, PA (62 mi.)","51,770 mi."
2023 Toyota RAV4 Hybrid XLE Premium,"$37,855",New Holland Auto Group,CVT,All-Wheel Drive,Hybrid,4.1,458 reviews,"New Holland, PA (67 mi.)","17,065 mi."
2024 Toyota Corolla Cross Hybrid XSE,"$33,450",Sheehy Toyota of Stafford,CVT,All-Wheel Drive,Hybrid,3.9,"1,446 reviews","Stafford, VA (67 mi.)","13,942 mi."
2022 Toyota Venza LE,"$26,495",Del Toyota,CVT,All-Wheel Drive,Hybrid,4.7,"6,925 reviews","Thorndale, PA (72 mi.)","54,880 mi."
2021 Toyota RAV4 Hybrid XLE Premium,"$32,990",Del Toyota,CVT,All-Wheel Drive,Hybrid,4.7,"6,925 reviews","Thorndale, PA (72 mi.)","33,578 mi."
2022 Toyota RAV4 Hybrid XSE,"$37,991",Team Toyota of Glen Mills,CVT,All-Wheel Drive,Hybrid,4,"1,306 reviews","Glen Mills, PA (76 mi.)","9,756 mi."
2020 Jeep Cherokee Limited,"$20,399",Al Packer Ford,CVT,All-Wheel Drive,Hybrid,4.1,"2,174 reviews","Baltimore, MD (15 mi.)","54,832 mi."
2020 BMW 330 330i xDrive,"$21,524",Stohlman Volkswagen of Tyson's Corner,CVT,All-Wheel Drive,Hybrid,4.6,"1,485 reviews","Vienna, VA","81,316 mi."
2024 Toyota Sienna XLE,"$51,000",Heritage Toyota Catonsville,CVT,All-Wheel Drive,Hybrid,4.4,"1,876 reviews","Baltimore, MD (6 mi.)","7,829 mi."
2024 Toyota Sienna XLE,"$50,000",Heritage Toyota Catonsville,CVT,All-Wheel Drive,Hybrid,4.4,"1,876 reviews","Baltimore, MD (6 mi.)","10,190 mi."
2022 Toyota RAV4 Hybrid XLE,"$28,999",Antwerpen Volkswagen,CVT,All-Wheel Drive,Hybrid,4.5,876 reviews,"Pasadena, MD (10 mi.)","37,621 mi."
2025 Honda CR-V Hybrid Sport-L,"$35,787",Norris Auto Group,CVT,All-Wheel Drive,Hybrid,4.6,721 reviews,"Baltimore, MD (10 mi.)","2,162 mi."
2024 Toyota RAV4 Hybrid XLE,"$35,000",Heritage Toyota Owings Mills,CVT,All-Wheel Drive,Hybrid,4.6,"1,364 reviews","Owings Mills, MD (13 mi.)","17,791 mi."
2019 Lexus RX 450h 450H,"$37,461",DARCARS Lexus Of Silver Spring,CVT,All-Wheel Drive,Hybrid,4.5,"1,797 reviews","Silver Spring, MD (20 mi.)","52,377 mi."
2020 Toyota Highlander Hybrid XLE,"$31,911",Jones Used Cars,CVT,All-Wheel Drive,Hybrid,3.7,225 reviews,"Bel Air, MD (25 mi.)","74,092 mi."
2023 Toyota RAV4 Hybrid LE,"$33,996",Jones Preowned Superstore,CVT,All-Wheel Drive,Hybrid,3.3,733 reviews,"Fallston, MD (25 mi.)","4,123 mi."
2023 Honda CR-V Hybrid Sport Touring,"$33,500",Koons Toyota Of Westminster,CVT,All-Wheel Drive,Hybrid,4.6,891 reviews,"Westminster, MD (29 mi.)","24,497 mi."
2022 Toyota Highlander Hybrid XLE,"$37,400",Koons Toyota Of Westminster,CVT,All-Wheel Drive,Hybrid,4.6,891 reviews,"Westminster, MD (29 mi.)","45,255 mi."
2019 Toyota RAV4 Hybrid XLE,"$17,795",Alexandria Toyota,CVT,All-Wheel Drive,Hybrid,4.5,618 reviews,"Alexandria, VA (35 mi.)","173,847 mi."
2024 Toyota Venza Limited,"$42,250",Koons Tysons Toyota,CVT,All-Wheel Drive,Hybrid,4.7,"2,580 reviews","Vienna, VA (37 mi.)","7,463 mi."
2022 Toyota RAV4 Hybrid SE,"$30,995",Fitzgerald Cadillac Frederick,CVT,All-Wheel Drive,Hybrid,5,12 reviews,"Frederick, MD (43 mi.)","37,915 mi."
2020 Lexus UX 250h Base,"$30,700",Pohanka Lexus,CVT,All-Wheel Drive,Hybrid,4,"1,915 reviews","Chantilly, VA (48 mi.)","57,813 mi."
2021 Honda CR-V Hybrid EX-L,"$25,475",Safford Brown Mazda Chantilly,CVT,All-Wheel Drive,Hybrid,4,60 reviews,"Chantilly, VA (49 mi.)","54,219 mi."
2023 Toyota Highlander Hybrid Platinum,"$50,997",Hertrich Honda Kia of Easton,CVT,All-Wheel Drive,Hybrid,0,28 reviews,"Easton, MD (49 mi.)","17,369 mi."
2020 Ford Escape SE,"$14,990",I-Deal Cars,CVT,All-Wheel Drive,Hybrid,0,11 reviews,"York, PA (51 mi.)","85,299 mi."
2025 Honda CR-V Hybrid Sport,"$36,481",Joyce Koons Honda Buick GMC,CVT,All-Wheel Drive,Hybrid,4.5,"1,190 reviews","Manassas, VA (55 mi.)","4,359 mi."
2025 Honda CR-V Hybrid Sport,"$36,481",Joyce Koons Honda Buick GMC,CVT,All-Wheel Drive,Hybrid,4.5,"1,190 reviews","Manassas, VA (55 mi.)","2,327 mi."
2021 Toyota Venza XLE,"$27,996",Keller Bros. Ford Lebanon,CVT,All-Wheel Drive,Hybrid,4.9,627 reviews,"Lebanon, PA (75 mi.)","80,966 mi."
2020 Jeep Cherokee Limited,"$20,399",Al Packer Ford,CVT,All-Wheel Drive,Hybrid,4.1,"2,174 reviews","Baltimore, MD (15 mi.)","54,832 mi."
2024 Toyota Highlander Hybrid XLE,"$50,000",Heritage Toyota Catonsville,CVT,All-Wheel Drive,Hybrid,4.4,"1,876 reviews","Baltimore, MD (6 mi.)","10,671 mi."
2024 Honda CR-V Hybrid Sport-L,"$30,787",Norris Auto Group,CVT,All-Wheel Drive,Hybrid,4.6,721 reviews,"Baltimore, MD (10 mi.)","59,954 mi."
2025 Honda CR-V Hybrid Sport-L,"$35,787",Norris Auto Group,CVT,All-Wheel Drive,Hybrid,4.6,721 reviews,"Baltimore, MD (10 mi.)","2,901 mi."
2024 Honda CR-V Hybrid Sport-L,"$35,000",Heritage Honda,CVT,All-Wheel Drive,Hybrid,4.9,"3,788 reviews","Parkville, MD (14 mi.)","8,745 mi."
2023 Honda CR-V Hybrid Sport Touring,"$32,500",Heritage Honda,CVT,All-Wheel Drive,Hybrid,4.9,"3,788 reviews","Parkville, MD (14 mi.)","45,995 mi."
2023 Honda CR-V Hybrid Sport Touring,"$34,995",Sport Honda,CVT,All-Wheel Drive,Hybrid,4.9,602 reviews,"Silver Spring, MD (19 mi.)","23,912 mi."
2024 Honda CR-V Hybrid Sport,"$30,900",Heritage Honda Bel Air,CVT,All-Wheel Drive,Hybrid,4.9,"4,973 reviews","Fallston, MD (24 mi.)","28,622 mi."
2021 Ford Escape Titanium Hybrid,"$20,292",Bob Bell Chevrolet,CVT,All-Wheel Drive,Hybrid,4.1,594 reviews,"Bel Air, MD (25 mi.)","50,726 mi."
2023 Toyota RAV4 Hybrid XLE,"$30,818",Jones Used Cars,CVT,All-Wheel Drive,Hybrid,3.7,225 reviews,"Bel Air, MD (25 mi.)","63,817 mi."
2024 Toyota Sienna XSE 7 Passenger,"$49,950",Koons Tysons Toyota,CVT,All-Wheel Drive,Hybrid,4.7,"2,580 reviews","Vienna, VA (37 mi.)","12,961 mi."
2024 Toyota Highlander Hybrid XLE,"$50,000",Koons Tysons Toyota,CVT,All-Wheel Drive,Hybrid,4.7,"2,580 reviews","Vienna, VA (37 mi.)","19,393 mi."
2022 Toyota RAV4 Hybrid Limited,"$37,500",Hart Nissan of NOVA,CVT,All-Wheel Drive,Hybrid,4.8,451 reviews,"Springfield, VA (43 mi.)","19,565 mi."
2022 Honda CR-V Hybrid Touring,"$29,821",Honda of Chantilly,CVT,All-Wheel Drive,Hybrid,4,712 reviews,"Chantilly, VA (48 mi.)","46,575 mi."
2019 Lexus UX 250h UX 250h F SPORT,"$30,700",Pohanka Lexus,CVT,All-Wheel Drive,Hybrid,4,"1,915 reviews","Chantilly, VA (48 mi.)","35,550 mi."
2023 Honda CR-V Hybrid Sport Touring,"$34,994",Hertrich Honda Kia of Easton,CVT,All-Wheel Drive,Hybrid,0,28 reviews,"Easton, MD (49 mi.)","21,169 mi."
2017 Toyota RAV4 Hybrid XLE,"$17,455",Miller Toyota,CVT,All-Wheel Drive,Hybrid,4.8,845 reviews,"Manassas, VA (55 mi.)","80,879 mi."
2025 Honda CR-V Hybrid Sport,"$36,481",Joyce Koons Honda Buick GMC,CVT,All-Wheel Drive,Hybrid,4.5,"1,190 reviews","Manassas, VA (55 mi.)","2,723 mi."
2024 Toyota Venza Limited,"$42,000",Miller Toyota,CVT,All-Wheel Drive,Hybrid,4.8,845 reviews,"Manassas, VA (55 mi.)","7,106 mi."
2020 Toyota RAV4 Hybrid XSE,"$26,200",Whitmoyer Auto Group,CVT,All-Wheel Drive,Hybrid,4.7,309 reviews,"Mount Joy, PA (62 mi.)","83,841 mi."
2021 Toyota RAV4 Hybrid XLE Premium,"$30,995",Del Toyota,CVT,All-Wheel Drive,Hybrid,4.7,"6,925 reviews","Thorndale, PA (72 mi.)","49,328 mi."
2020 Jeep Cherokee Limited,"$20,399",Al Packer Ford,CVT,All-Wheel Drive,Hybrid,4.1,"2,174 reviews","Baltimore, MD (15 mi.)","54,832 mi."
2021 Toyota RAV4 Hybrid XLE,"$27,000",Heritage Toyota Catonsville,CVT,All-Wheel Drive,Hybrid,4.4,"1,876 reviews","Baltimore, MD (6 mi.)","65,393 mi."
2022 Toyota RAV4 Hybrid XLE,"$31,462",Lexus of Towson,CVT,All-Wheel Drive,Hybrid,4.8,636 reviews,"Towson, MD (13 mi.)","10,949 mi."
2024 Toyota RAV4 Hybrid XLE,"$35,000",Heritage Toyota Owings Mills,CVT,All-Wheel Drive,Hybrid,4.6,"1,364 reviews","Owings Mills, MD (13 mi.)","23,614 mi."
2021 Honda CR-V Hybrid Touring,"$29,999",Anderson Honda,CVT,All-Wheel Drive,Hybrid,4.7,329 reviews,"Cockeysville, MD (16 mi.)","40,519 mi."
2024 Toyota RAV4 Hybrid XLE,"$36,995",Jones Used Cars,CVT,All-Wheel Drive,Hybrid,3.7,225 reviews,"Bel Air, MD (25 mi.)","7,328 mi."
2023 Toyota RAV4 Hybrid XSE,"$35,998",Jones Preowned Superstore,CVT,All-Wheel Drive,Hybrid,3.3,733 reviews,"Fallston, MD (25 mi.)","36,948 mi."
2022 Toyota RAV4 Hybrid XLE Premium,"$32,998",Jones Preowned Superstore,CVT,All-Wheel Drive,Hybrid,3.3,733 reviews,"Fallston, MD (25 mi.)","35,906 mi."
2022 Toyota RAV4 Hybrid XSE,"$35,998",Jones Used Cars,CVT,All-Wheel Drive,Hybrid,3.7,225 reviews,"Bel Air, MD (25 mi.)","24,647 mi."
2020 Toyota RAV4 Hybrid LE,"$24,998",Jones Used Cars,CVT,All-Wheel Drive,Hybrid,3.7,225 reviews,"Bel Air, MD (25 mi.)","82,235 mi."
2022 Honda CR-V Hybrid EX,"$27,997",Ourisman Lexus,CVT,All-Wheel Drive,Hybrid,4.8,"2,482 reviews","Rockville, MD (28 mi.)","19,225 mi."
2023 Toyota Sienna XLE 7 Passenger,"$42,899",King Kia,CVT,All-Wheel Drive,Hybrid,4.7,208 reviews,"Gaithersburg, MD (30 mi.)","17,743 mi."
2024 Toyota Sienna XLE,"$50,000",Koons Tysons Toyota,CVT,All-Wheel Drive,Hybrid,4.7,"2,580 reviews","Vienna, VA (37 mi.)","3,432 mi."
2021 Lexus UX 250h Base,"$31,577",Pohanka Lexus,CVT,All-Wheel Drive,Hybrid,4,"1,915 reviews","Chantilly, VA (48 mi.)","25,844 mi."
2024 Lexus UX 250h F SPORT Handling,"$42,177",Pohanka Lexus,CVT,All-Wheel Drive,Hybrid,4,"1,915 reviews","Chantilly, VA (48 mi.)","2,467 mi."
2020 Lexus UX 250h Base,"$31,900",Pohanka Lexus,CVT,All-Wheel Drive,Hybrid,4,"1,915 reviews","Chantilly, VA (48 mi.)","22,577 mi."
2022 Lexus NX 350h NX 350h,"$37,997",Hertrich Honda Kia of Easton,CVT,All-Wheel Drive,Hybrid,0,28 reviews,"Easton, MD (49 mi.)","27,298 mi."
2023 Toyota Prius XLE,"$34,874",New Holland Auto Group,CVT,All-Wheel Drive,Hybrid,4.1,458 reviews,"New Holland, PA (67 mi.)","12,067 mi."
2020 Toyota Prius XLE,"$24,890",New Holland Auto Group,CVT,All-Wheel Drive,Hybrid,4.1,458 reviews,"New Holland, PA (67 mi.)","57,222 mi."
2024 Toyota RAV4 Hybrid XSE,"$39,590",Del Toyota,CVT,All-Wheel Drive,Hybrid,4.7,"6,925 reviews","Thorndale, PA (72 mi.)","19,559 mi."
2021 Lexus RX 450h F SPORT Appearance,"$43,400",CMA's Chevrolet of Martinsburg,CVT,All-Wheel Drive,Hybrid,2.7,68 reviews,"Martinsburg, WV (72 mi.)","26,306 mi."
2020 Jeep Cherokee Limited,"$20,399",Al Packer Ford,CVT,All-Wheel Drive,Hybrid,4.1,"2,174 reviews","Baltimore, MD (15 mi.)","54,832 mi."
2022 Honda CR-V Hybrid EX,"$26,376",Safford Brown Toyota Glen Burnie,CVT,All-Wheel Drive,Hybrid,4.4,"2,769 reviews","Glen Burnie, MD (6 mi.)","59,771 mi."
2022 Toyota Sienna XSE 7 Passenger,"$39,000",Heritage Honda,CVT,All-Wheel Drive,Hybrid,4.9,"3,788 reviews","Parkville, MD (14 mi.)","68,376 mi."
2024 Toyota RAV4 Prime SE,"$40,500",Heritage Honda,CVT,All-Wheel Drive,Hybrid,4.9,"3,788 reviews","Parkville, MD (14 mi.)","19,742 mi."
2023 Toyota RAV4 Hybrid SE,"$38,898",King Kia Of Laurel,CVT,All-Wheel Drive,Hybrid,3.4,682 reviews,"Laurel, MD (14 mi.)","8,869 mi."
2021 Honda CR-V Hybrid Touring,"$32,447",DARCARS Lexus Of Silver Spring,CVT,All-Wheel Drive,Hybrid,4.5,"1,797 reviews","Silver Spring, MD (20 mi.)","11,184 mi."
2017 Toyota RAV4 Hybrid XLE,"$21,998",Jones Used Cars,CVT,All-Wheel Drive,Hybrid,3.7,225 reviews,"Bel Air, MD (25 mi.)","87,566 mi."
2017 Toyota RAV4 Hybrid XLE,"$22,897",Ourisman Lexus,CVT,All-Wheel Drive,Hybrid,4.8,"2,482 reviews","Rockville, MD (28 mi.)","48,782 mi."
2021 Honda CR-V Hybrid Touring,"$25,000",Ourisman Honda of Tysons Corner,CVT,All-Wheel Drive,Hybrid,3.9,551 reviews,"Vienna, VA (38 mi.)","88,653 mi."
2022 Honda CR-V Hybrid Touring,"$29,500",Bill Page Honda,CVT,All-Wheel Drive,Hybrid,4.4,"1,727 reviews","Falls Church, VA (38 mi.)","36,022 mi."
2016 Lexus RX 450h,"$23,562",BMW of Sterling,CVT,All-Wheel Drive,Hybrid,3.5,"1,163 reviews","Sterling, VA (44 mi.)","86,896 mi."
2023 Toyota Crown Limited,"$36,000",Waldorf Toyota,CVT,All-Wheel Drive,Hybrid,4.7,"1,292 reviews","Waldorf, MD (44 mi.)","20,052 mi."
2023 Honda CR-V Hybrid Sport Touring,"$35,555",Lindsay Volkswagen of Dulles,CVT,All-Wheel Drive,Hybrid,4.8,"2,068 reviews","Sterling, VA (44 mi.)","13,004 mi."
2020 Toyota RAV4 Hybrid SE,"$25,000",Safford Hyundai of Springfield,CVT,All-Wheel Drive,Hybrid,3.7,668 reviews,"Springfield, VA (44 mi.)","70,170 mi."
2024 Lexus UX 250h Premium,"$38,577",Pohanka Lexus,CVT,All-Wheel Drive,Hybrid,4,"1,915 reviews","Chantilly, VA (48 mi.)","5,455 mi."
2020 Honda CR-V Hybrid Touring,"$23,701",Audi Chantilly,CVT,All-Wheel Drive,Hybrid,4.8,708 reviews,"Chantilly, VA (49 mi.)","69,256 mi."
2022 Toyota Sienna XSE 7 Passenger,"$42,967",Nucar Chevrolet of New Castle,CVT,All-Wheel Drive,Hybrid,3.4,622 reviews,"New Castle, DE (66 mi.)","31,882 mi."
2020 Ford Escape Titanium Hybrid,"$22,998",Keller Bros. Ford Lititz,CVT,All-Wheel Drive,Hybrid,4.9,865 reviews,"Lititz, PA (66 mi.)","40,899 mi."
2023 Toyota RAV4 Hybrid XLE Premium,"$35,100",CMA's Chevrolet of Martinsburg,CVT,All-Wheel Drive,Hybrid,2.7,68 reviews,"Martinsburg, WV (72 mi.)","39,585 mi."
2024 Toyota Corolla Cross Hybrid S,"$29,991",Team Toyota of Glen Mills,CVT,All-Wheel Drive,Hybrid,4,"1,306 reviews","Glen Mills, PA (76 mi.)","2,778 mi."
2023 Toyota RAV4 Hybrid XSE,"$35,492",Team Toyota of Glen Mills,CVT,All-Wheel Drive,Hybrid,4,"1,306 reviews","Glen Mills, PA (76 mi.)","48,594 mi."
2020 Jeep Cherokee Limited,"$20,399",Al Packer Ford,CVT,All-Wheel Drive,Hybrid,4.1,"2,174 reviews","Baltimore, MD (15 mi.)","54,832 mi."
2017 Toyota RAV4 Hybrid Limited,"$17,000",King Kia Of Laurel,CVT,All-Wheel Drive,Hybrid,3.4,682 reviews,"Laurel, MD (14 mi.)","148,185 mi."
2023 Toyota RAV4 Hybrid XLE,"$32,845",DARCARS Ford Kia Lanham,CVT,All-Wheel Drive,Hybrid,2.4,109 reviews,"Lanham, MD (22 mi.)","11,323 mi."
2024 Toyota Sienna Woodland Edition,"$52,999",DARCARS 355 Toyota Rockville,CVT,All-Wheel Drive,Hybrid,2.5,289 reviews,"Rockville, MD (28 mi.)","4,810 mi."
2022 Lincoln Corsair Grand Touring,"$33,499",DARCARS 355 Toyota Rockville,CVT,All-Wheel Drive,Hybrid,2.5,289 reviews,"Rockville, MD (28 mi.)","16,192 mi."
2022 Honda CR-V Hybrid EX-L,"$29,000",Ourisman Kia of Bethesda,CVT,All-Wheel Drive,Hybrid,0,4 reviews,"Bethesda, MD (29 mi.)","30,157 mi."
2020 Toyota RAV4 Hybrid XSE,"$25,000",Ourisman Kia of Bethesda,CVT,All-Wheel Drive,Hybrid,0,4 reviews,"Bethesda, MD (29 mi.)","81,313 mi."
2023 Toyota RAV4 Hybrid Woodland Edition,"$33,000",Bill Page Honda,CVT,All-Wheel Drive,Hybrid,4.4,"1,727 reviews","Falls Church, VA (38 mi.)","11,530 mi."
2024 Lincoln Corsair Grand Touring,"$45,581",Malloy Ford of Alexandria,CVT,All-Wheel Drive,Hybrid,2.7,669 reviews,"Alexandria, VA (39 mi.)","7,573 mi."
2019 Toyota RAV4 Hybrid XLE,"$20,850",National Auto of Waldorf,CVT,All-Wheel Drive,Hybrid,2.6,265 reviews,"Waldorf, MD (43 mi.)","95,467 mi."
2022 Lexus RX 450h F SPORT Handling,"$49,995",BMW of Sterling,CVT,All-Wheel Drive,Hybrid,3.5,"1,163 reviews","Sterling, VA (44 mi.)","16,431 mi."
2019 Toyota Highlander Hybrid Limited,"$31,500",Pohanka Chevrolet,CVT,All-Wheel Drive,Hybrid,4.2,513 reviews,"Chantilly, VA (47 mi.)","54,018 mi."
2020 Lexus UX 250h Base,"$32,977",Pohanka Lexus,CVT,All-Wheel Drive,Hybrid,4,"1,915 reviews","Chantilly, VA (48 mi.)","29,054 mi."
2024 Lexus RX 450h+ Luxury,"$72,900",Pohanka Lexus,CVT,All-Wheel Drive,Hybrid,4,"1,915 reviews","Chantilly, VA (48 mi.)","8,307 mi."
2021 Lexus UX 250h Base,"$34,550",Pohanka Lexus,CVT,All-Wheel Drive,Hybrid,4,"1,915 reviews","Chantilly, VA (48 mi.)","17,310 mi."
2020 Lexus RX 450h Base,"$38,700",Pohanka Lexus,CVT,All-Wheel Drive,Hybrid,4,"1,915 reviews","Chantilly, VA (48 mi.)","74,558 mi."
2022 Toyota RAV4 Hybrid SE,"$28,995",Imperial Auto LLC,CVT,All-Wheel Drive,Hybrid,3.3,59 reviews,"Manassas, VA (52 mi.)","66,867 mi."
2020 Toyota RAV4 Hybrid SE,"$28,990",Bomnin Chevrolet Manassas,CVT,All-Wheel Drive,Hybrid,4.4,"6,251 reviews","Manassas, VA (55 mi.)","41,083 mi."
2021 Toyota Sienna XLE,"$35,000",Preston Ford Lincoln Hyundai Nissan,CVT,All-Wheel Drive,Hybrid,0,565 reviews,"Hurlock, MD (57 mi.)","76,058 mi."
2017 Toyota RAV4 Hybrid Limited,"$15,998",CMA's Chevrolet of Martinsburg,CVT,All-Wheel Drive,Hybrid,2.7,68 reviews,"Martinsburg, WV (72 mi.)","164,550 mi."
2024 Toyota RAV4 Hybrid XLE Premium,"$40,493",Team Toyota of Glen Mills,CVT,All-Wheel Drive,Hybrid,4,"1,306 reviews","Glen Mills, PA (76 mi.)","2,385 mi."
2020 Jeep Cherokee Limited,"$20,399",Al Packer Ford,CVT,All-Wheel Drive,Hybrid,4.1,"2,174 reviews","Baltimore, MD (15 mi.)","54,832 mi."
2022 Toyota Highlander Hybrid Limited,"$47,000",Heritage Toyota Catonsville,CVT,All-Wheel Drive,Hybrid,4.4,"1,876 reviews","Baltimore, MD (6 mi.)","18,895 mi."
2020 Toyota RAV4 Hybrid Limited,"$27,700",Antwerpen Chrysler Jeep Dodge Ram,CVT,All-Wheel Drive,Hybrid,4.4,"2,492 reviews","Baltimore, MD (6 mi.)","67,012 mi."
2024 Toyota Venza LE,"$34,000",Heritage Toyota Catonsville,CVT,All-Wheel Drive,Hybrid,4.4,"1,876 reviews","Baltimore, MD (6 mi.)","18,459 mi."
2021 Honda CR-V Hybrid EX-L,"$28,999",Anderson Honda,CVT,All-Wheel Drive,Hybrid,4.7,329 reviews,"Cockeysville, MD (16 mi.)","42,051 mi."
2021 Toyota Sienna Limited,"$46,990",DARCARS Lexus Of Silver Spring,CVT,All-Wheel Drive,Hybrid,4.5,"1,797 reviews","Silver Spring, MD (20 mi.)","24,547 mi."
2020 Honda CR-V Hybrid EX-L,"$23,995",Koons Annapolis Toyota,CVT,All-Wheel Drive,Hybrid,4.6,"1,193 reviews","Annapolis, MD (21 mi.)","78,602 mi."
2019 Toyota Prius XLE,"$19,965",Jones Preowned Superstore,CVT,All-Wheel Drive,Hybrid,3.3,733 reviews,"Fallston, MD (25 mi.)","108,417 mi."
2018 Toyota RAV4 Hybrid XLE,"$16,998",Jones Preowned Superstore,CVT,All-Wheel Drive,Hybrid,3.3,733 reviews,"Fallston, MD (25 mi.)","129,165 mi."
2023 Toyota RAV4 Hybrid XSE,"$36,558",Jones Used Cars,CVT,All-Wheel Drive,Hybrid,3.7,225 reviews,"Bel Air, MD (25 mi.)","35,642 mi."
2022 Toyota Venza Limited,"$32,599",DARCARS 355 Toyota Rockville,CVT,All-Wheel Drive,Hybrid,2.5,289 reviews,"Rockville, MD (28 mi.)","31,757 mi."
2021 Toyota Venza,"$28,995",Alexandria Toyota,CVT,All-Wheel Drive,Hybrid,4.5,618 reviews,"Alexandria, VA (35 mi.)","60,080 mi."
2024 Toyota RAV4 Hybrid XLE,"$35,000",Hart Nissan of NOVA,CVT,All-Wheel Drive,Hybrid,4.8,451 reviews,"Springfield, VA (43 mi.)","17,876 mi."
2022 Lexus RX 450h Base,"$48,700",Pohanka Lexus,CVT,All-Wheel Drive,Hybrid,4,"1,915 reviews","Chantilly, VA (48 mi.)","38,861 mi."
2022 Lexus UX 250h Base,"$35,977",Pohanka Lexus,CVT,All-Wheel Drive,Hybrid,4,"1,915 reviews","Chantilly, VA (48 mi.)","18,545 mi."
2021 Toyota Highlander Hybrid Platinum,"$32,549",Sheehy Volkswagen of Hagerstown,CVT,All-Wheel Drive,Hybrid,0,10 reviews,"Hagerstown, MD (59 mi.)","95,296 mi."
2020 Honda CR-V Hybrid Touring,"$19,453",Sheehy Volkswagen of Hagerstown,CVT,All-Wheel Drive,Hybrid,0,10 reviews,"Hagerstown, MD (59 mi.)","124,506 mi."
2023 Toyota Corolla Hybrid SE,"$24,350",Sheehy Toyota of Stafford,CVT,All-Wheel Drive,Hybrid,3.9,"1,446 reviews","Stafford, VA (67 mi.)","44,527 mi."
2021 Toyota Sienna Platinum,"$48,954",New Holland Auto Group,CVT,All-Wheel Drive,Hybrid,4.1,458 reviews,"New Holland, PA (67 mi.)","41,360 mi."
2019 Toyota RAV4 Hybrid XLE,"$19,997",Team Toyota of Glen Mills,CVT,All-Wheel Drive,Hybrid,4,"1,306 reviews","Glen Mills, PA (76 mi.)","114,249 mi."
2025 Toyota Crown Signia XLE,"$42,991",Team Toyota of Glen Mills,CVT,All-Wheel Drive,Hybrid,4,"1,306 reviews","Glen Mills, PA (76 mi.)","2,643 mi."
2020 Jeep Cherokee Limited,"$20,399",Al Packer Ford,CVT,All-Wheel Drive,Hybrid,4.1,"2,174 reviews","Baltimore, MD (15 mi.)","54,832 mi."
2024 Toyota RAV4 Hybrid XLE,"$30,995",Safford Brown Toyota Glen Burnie,CVT,All-Wheel Drive,Hybrid,4.4,"2,769 reviews","Glen Burnie, MD (6 mi.)","21,522 mi."
2023 Toyota Venza LE,"$31,000",Heritage Toyota Catonsville,CVT,All-Wheel Drive,Hybrid,4.4,"1,876 reviews","Baltimore, MD (6 mi.)","25,054 mi."
2022 Toyota Prius LE,"$23,481",Antwerpen Mitsubishi,CVT,All-Wheel Drive,Hybrid,4.5,278 reviews,"Randallstown, MD (12 mi.)","60,816 mi."
2023 Toyota Corolla Hybrid LE,"$23,499",DARCARS Lexus Of Silver Spring,CVT,All-Wheel Drive,Hybrid,4.5,"1,797 reviews","Silver Spring, MD (20 mi.)","20,079 mi."
2024 Lexus UX 250h F SPORT Design,"$38,441",DARCARS Lexus Of Silver Spring,CVT,All-Wheel Drive,Hybrid,4.5,"1,797 reviews","Silver Spring, MD (20 mi.)","20,917 mi."
2019 Toyota Highlander Hybrid XLE,"$28,119",DARCARS Lexus Of Silver Spring,CVT,All-Wheel Drive,Hybrid,4.5,"1,797 reviews","Silver Spring, MD (20 mi.)","77,432 mi."
2024 Honda CR-V Hybrid Sport Touring,"$36,500",Heritage Honda Bel Air,CVT,All-Wheel Drive,Hybrid,4.9,"4,973 reviews","Fallston, MD (24 mi.)","16,576 mi."
2021 Toyota RAV4 Hybrid XLE,"$28,995",Jones Used Cars,CVT,All-Wheel Drive,Hybrid,3.7,225 reviews,"Bel Air, MD (25 mi.)","45,919 mi."
2008 Toyota Highlander Hybrid Limited,"$6,495",High Rated Auto Company,CVT,All-Wheel Drive,Hybrid,0,6 reviews,"Abingdon, MD (28 mi.)","363,201 mi."
2021 Toyota Sienna XLE,"$39,995",Alexandria Toyota,CVT,All-Wheel Drive,Hybrid,4.5,618 reviews,"Alexandria, VA (35 mi.)","39,017 mi."
2017 Toyota Highlander Hybrid Limited Platinum,"$25,500",Koons Tysons Toyota,CVT,All-Wheel Drive,Hybrid,4.7,"2,580 reviews","Vienna, VA (37 mi.)","106,445 mi."
2023 Toyota Sienna XLE,"$46,000",Koons Tysons Toyota,CVT,All-Wheel Drive,Hybrid,4.7,"2,580 reviews","Vienna, VA (37 mi.)","16,872 mi."
2019 Toyota Highlander Hybrid Limited,"$32,482",BMW of Sterling,CVT,All-Wheel Drive,Hybrid,3.5,"1,163 reviews","Sterling, VA (44 mi.)","53,694 mi."
2020 Toyota Highlander Hybrid Platinum,"$34,500",Ted Britt Ford - We Will Buy Your Car,CVT,All-Wheel Drive,Hybrid,3.3,310 reviews,"Fairfax, VA (44 mi.)","82,152 mi."
2024 Lincoln Corsair Grand Touring,"$51,500",Ted Britt Ford - We Will Buy Your Car,CVT,All-Wheel Drive,Hybrid,3.3,310 reviews,"Fairfax, VA (44 mi.)","5,795 mi."
2022 Lexus UX 250h Base,"$34,700",Pohanka Lexus,CVT,All-Wheel Drive,Hybrid,4,"1,915 reviews","Chantilly, VA (48 mi.)","11,363 mi."
2021 Lexus UX 250h Base,"$33,700",Pohanka Lexus,CVT,All-Wheel Drive,Hybrid,4,"1,915 reviews","Chantilly, VA (48 mi.)","16,569 mi."
2019 Lexus UX 250h UX 250h,"$22,500",Miller Toyota,CVT,All-Wheel Drive,Hybrid,4.8,845 reviews,"Manassas, VA (55 mi.)","84,471 mi."
2017 Toyota Highlander Hybrid Limited,"$28,490",Bomnin Chevrolet Manassas,CVT,All-Wheel Drive,Hybrid,4.4,"6,251 reviews","Manassas, VA (55 mi.)","48,866 mi."
2023 Toyota Highlander Hybrid Limited,"$49,790",Del Toyota,CVT,All-Wheel Drive,Hybrid,4.7,"6,925 reviews","Thorndale, PA (72 mi.)","24,513 mi."
2020 Jeep Cherokee Limited,"$20,399",Al Packer Ford,CVT,All-Wheel Drive,Hybrid,4.1,"2,174 reviews","Baltimore, MD (15 mi.)","54,832 mi."
2024 Toyota Venza Limited,"$43,000",Heritage Toyota Catonsville,CVT,All-Wheel Drive,Hybrid,4.4,"1,876 reviews","Baltimore, MD (6 mi.)","11,878 mi."
2019 Lexus RX 450h 450H,"$35,000",Lexus of Towson,CVT,All-Wheel Drive,Hybrid,4.8,636 reviews,"Towson, MD (13 mi.)","63,959 mi."
2024 Toyota RAV4 Hybrid LE,"$34,000",Heritage Toyota Owings Mills,CVT,All-Wheel Drive,Hybrid,4.6,"1,364 reviews","Owings Mills, MD (13 mi.)","5,141 mi."
2021 Toyota Venza Limited,"$30,500",Heritage Toyota Owings Mills,CVT,All-Wheel Drive,Hybrid,4.6,"1,364 reviews","Owings Mills, MD (13 mi.)","58,266 mi."
2019 Lexus RX 450h 450H,"$34,000",Lexus of Towson,CVT,All-Wheel Drive,Hybrid,4.8,636 reviews,"Towson, MD (13 mi.)","79,813 mi."
2024 Toyota Corolla Hybrid SE,"$28,130",Heritage Mazda Towson,CVT,All-Wheel Drive,Hybrid,4.9,"1,686 reviews","Lutherville, MD (14 mi.)",877 mi.
2017 Toyota Highlander Hybrid XLE,"$22,997",DARCARS Lexus Of Silver Spring,CVT,All-Wheel Drive,Hybrid,4.5,"1,797 reviews","Silver Spring, MD (20 mi.)","96,919 mi."
2022 Toyota Venza LE,"$31,998",Jones Used Cars,CVT,All-Wheel Drive,Hybrid,3.7,225 reviews,"Bel Air, MD (25 mi.)","8,145 mi."
2021 Toyota Venza XLE,"$31,998",Jones Preowned Superstore,CVT,All-Wheel Drive,Hybrid,3.3,733 reviews,"Fallston, MD (25 mi.)","23,508 mi."
2021 Toyota Venza XLE,"$31,998",Jones Used Cars,CVT,All-Wheel Drive,Hybrid,3.7,225 reviews,"Bel Air, MD (25 mi.)","23,023 mi."
2021 Toyota Venza Limited,"$29,998",Jones Used Cars,CVT,All-Wheel Drive,Hybrid,3.7,225 reviews,"Bel Air, MD (25 mi.)","64,757 mi."
2025 Lexus UX 300h,"$41,777",Pohanka Lexus,CVT,All-Wheel Drive,Hybrid,4,"1,915 reviews","Chantilly, VA (48 mi.)","7,574 mi."
2025 Lexus UX 300h UX 300h Premium,"$42,550",Pohanka Lexus,CVT,All-Wheel Drive,Hybrid,4,"1,915 reviews","Chantilly, VA (48 mi.)","7,859 mi."
2025 Lexus UX 300h,"$41,550",Pohanka Lexus,CVT,All-Wheel Drive,Hybrid,4,"1,915 reviews","Chantilly, VA (48 mi.)","5,883 mi."
2022 Toyota Venza Limited,"$32,197",Hertrich Honda Kia of Easton,CVT,All-Wheel Drive,Hybrid,0,28 reviews,"Easton, MD (49 mi.)","39,024 mi."
2023 Honda CR-V Hybrid Sport,"$32,390",Jack Giambalvo Hyundai,CVT,All-Wheel Drive,Hybrid,4.8,812 reviews,"YORK, PA (52 mi.)","15,283 mi."
2021 Toyota Prius XLE,"$19,490",Jack Giambalvo Hyundai,CVT,All-Wheel Drive,Hybrid,4.8,812 reviews,"YORK, PA (52 mi.)","122,091 mi."
2021 Toyota Venza LE,"$25,995",Del Toyota,CVT,All-Wheel Drive,Hybrid,4.7,"6,925 reviews","Thorndale, PA (72 mi.)","83,064 mi."
2023 Toyota Venza LE,"$29,993",Team Toyota of Glen Mills,CVT,All-Wheel Drive,Hybrid,4,"1,306 reviews","Glen Mills, PA (76 mi.)","27,654 mi."
2020 Toyota Prius XLE,"$25,991",Team Toyota of Glen Mills,CVT,All-Wheel Drive,Hybrid,4,"1,306 reviews","Glen Mills, PA (76 mi.)","28,276 mi."
2020 Jeep Cherokee Limited,"$20,399",Al Packer Ford,CVT,All-Wheel Drive,Hybrid,4.1,"2,174 reviews","Baltimore, MD (15 mi.)","54,832 mi."
2019 Toyota RAV4 Hybrid SE,"$30,475",Hyundai of Dundalk,CVT,All-Wheel Drive,Hybrid,0,1 review,"Baltimore, MD (10 mi.)","28,979 mi."
2023 Lincoln Corsair Grand Touring,"$37,787",Norris Auto Group,CVT,All-Wheel Drive,Hybrid,4.6,721 reviews,"Baltimore, MD (10 mi.)","4,238 mi."
2017 Lexus RX 450h 450H,"$26,449",Lexus of Towson,CVT,All-Wheel Drive,Hybrid,4.8,636 reviews,"Towson, MD (13 mi.)","75,712 mi."
2022 Toyota RAV4 Hybrid XLE Premium,"$31,000",Lexus of Towson,CVT,All-Wheel Drive,Hybrid,4.8,636 reviews,"Towson, MD (13 mi.)","42,087 mi."
2022 Toyota Venza Limited,"$33,706",Jones Used Cars,CVT,All-Wheel Drive,Hybrid,3.7,225 reviews,"Bel Air, MD (25 mi.)","44,074 mi."
2021 Toyota RAV4 Prime XSE,"$34,998",Jones Used Cars,CVT,All-Wheel Drive,Hybrid,3.7,225 reviews,"Bel Air, MD (25 mi.)","83,101 mi."
2021 Lexus UX 250h Base,"$28,939",Jones Used Cars,CVT,All-Wheel Drive,Hybrid,3.7,225 reviews,"Bel Air, MD (25 mi.)","46,945 mi."
2022 Toyota RAV4 Hybrid XLE Premium,"$34,300",Koons Toyota Of Westminster,CVT,All-Wheel Drive,Hybrid,4.6,891 reviews,"Westminster, MD (29 mi.)","21,165 mi."
2024 Toyota RAV4 Hybrid SE,"$36,000",Koons Toyota Of Westminster,CVT,All-Wheel Drive,Hybrid,4.6,891 reviews,"Westminster, MD (29 mi.)","14,389 mi."
2024 Honda CR-V Hybrid Sport,"$33,995",Alexandria Toyota,CVT,All-Wheel Drive,Hybrid,4.5,618 reviews,"Alexandria, VA (35 mi.)","16,099 mi."
2024 Toyota Corolla Cross Hybrid SE,"$31,995",Alexandria Toyota,CVT,All-Wheel Drive,Hybrid,4.5,618 reviews,"Alexandria, VA (35 mi.)","14,947 mi."
2024 Toyota Sienna XLE,"$47,500",Koons Tysons Toyota,CVT,All-Wheel Drive,Hybrid,4.7,"2,580 reviews","Vienna, VA (37 mi.)","19,058 mi."
2021 Toyota Highlander Hybrid Platinum,"$41,980",Waldorf Toyota,CVT,All-Wheel Drive,Hybrid,4.7,"1,292 reviews","Waldorf, MD (44 mi.)","45,982 mi."
2025 Lexus UX 300h,"$41,900",Pohanka Lexus,CVT,All-Wheel Drive,Hybrid,4,"1,915 reviews","Chantilly, VA (48 mi.)","6,718 mi."
2025 Lexus UX 300h,"$41,550",Pohanka Lexus,CVT,All-Wheel Drive,Hybrid,4,"1,915 reviews","Chantilly, VA (48 mi.)","7,108 mi."
2019 Lexus RX 450h Base,"$39,900",Pohanka Lexus,CVT,All-Wheel Drive,Hybrid,4,"1,915 reviews","Chantilly, VA (48 mi.)","67,678 mi."
2022 Toyota RAV4 Hybrid XLE Premium,"$31,550",Pohanka Lexus,CVT,All-Wheel Drive,Hybrid,4,"1,915 reviews","Chantilly, VA (48 mi.)","56,033 mi."
2021 Lexus UX 250h Base,"$27,750",Mercedes-Benz of Chantilly,CVT,All-Wheel Drive,Hybrid,4.7,"1,031 reviews","Chantilly, VA (49 mi.)","34,433 mi."
2017 Toyota Highlander Hybrid Limited,"$28,900",Miller Toyota,CVT,All-Wheel Drive,Hybrid,4.8,845 reviews,"Manassas, VA (55 mi.)","54,715 mi."
2021 Toyota Highlander Hybrid XLE,"$33,963",New Holland Auto Group,CVT,All-Wheel Drive,Hybrid,4.1,458 reviews,"New Holland, PA (67 mi.)","80,942 mi."
2020 Jeep Cherokee Limited,"$20,399",Al Packer Ford,CVT,All-Wheel Drive,Hybrid,4.1,"2,174 reviews","Baltimore, MD (15 mi.)","54,832 mi."
2020 Lexus UX 250h Base,"$28,500",Heritage Toyota Catonsville,CVT,All-Wheel Drive,Hybrid,4.4,"1,876 reviews","Baltimore, MD (6 mi.)","28,067 mi."
2021 Toyota RAV4 Hybrid XLE,"$31,000",Heritage Toyota Catonsville,CVT,All-Wheel Drive,Hybrid,4.4,"1,876 reviews","Baltimore, MD (6 mi.)","27,168 mi."
2024 Toyota RAV4 Hybrid XLE,"$35,000",Heritage Toyota Owings Mills,CVT,All-Wheel Drive,Hybrid,4.6,"1,364 reviews","Owings Mills, MD (13 mi.)","23,226 mi."
2024 Toyota RAV4 Hybrid XLE,"$34,000",Heritage Toyota Owings Mills,CVT,All-Wheel Drive,Hybrid,4.6,"1,364 reviews","Owings Mills, MD (13 mi.)","31,701 mi."
2020 Lexus RX 450h Base,"$38,629",Lexus of Towson,CVT,All-Wheel Drive,Hybrid,4.8,636 reviews,"Towson, MD (13 mi.)","53,164 mi."
2023 Lexus RX 350h Premium Plus,"$55,900",DARCARS Lexus Of Silver Spring,CVT,All-Wheel Drive,Hybrid,4.5,"1,797 reviews","Silver Spring, MD (20 mi.)","6,346 mi."
2021 Toyota Highlander Hybrid XLE,"$35,500",DARCARS Lexus Of Silver Spring,CVT,All-Wheel Drive,Hybrid,4.5,"1,797 reviews","Silver Spring, MD (20 mi.)","55,329 mi."
2023 Toyota RAV4 Hybrid XSE,"$35,000",Koons Annapolis Toyota,CVT,All-Wheel Drive,Hybrid,4.6,"1,193 reviews","Annapolis, MD (21 mi.)","33,446 mi."
2023 Toyota Highlander Hybrid Platinum,"$56,995",Alexandria Toyota,CVT,All-Wheel Drive,Hybrid,4.5,618 reviews,"Alexandria, VA (35 mi.)","13,022 mi."
2020 Lexus UX 250h Base,"$24,750",Koons Tysons Toyota,CVT,All-Wheel Drive,Hybrid,4.7,"2,580 reviews","Vienna, VA (37 mi.)","60,809 mi."
2023 Honda CR-V Hybrid Sport,"$31,080",Jaguar Land Rover Tysons Corner,CVT,All-Wheel Drive,Hybrid,4.6,"1,152 reviews","Vienna, VA (38 mi.)","20,624 mi."
2023 Toyota Corolla Hybrid SE,"$29,000",Ourisman Honda of Tysons Corner,CVT,All-Wheel Drive,Hybrid,3.9,551 reviews,"Vienna, VA (38 mi.)","7,019 mi."
2022 Toyota RAV4 Hybrid XLE,"$25,663",Younger Nissan,CVT,All-Wheel Drive,Hybrid,4.9,"3,103 reviews","Frederick, MD (41 mi.)","81,123 mi."
2024 Toyota RAV4 Hybrid XLE Premium,"$40,000",Hart Nissan of NOVA,CVT,All-Wheel Drive,Hybrid,4.8,451 reviews,"Springfield, VA (43 mi.)","1,691 mi."
2018 Toyota Highlander Hybrid XLE,"$21,500",Subaru of Sterling,CVT,All-Wheel Drive,Hybrid,4.5,646 reviews,"Sterling, VA (44 mi.)","133,581 mi."
2020 Lexus UX 250h Base,"$34,550",Pohanka Lexus,CVT,All-Wheel Drive,Hybrid,4,"1,915 reviews","Chantilly, VA (48 mi.)","28,379 mi."
2023 Honda CR-V Hybrid Sport Touring,"$36,581",Honda of Chantilly,CVT,All-Wheel Drive,Hybrid,4,712 reviews,"Chantilly, VA (48 mi.)","21,603 mi."
2024 Honda CR-V Hybrid Sport,"$35,481",Joyce Koons Honda Buick GMC,CVT,All-Wheel Drive,Hybrid,4.5,"1,190 reviews","Manassas, VA (55 mi.)","5,934 mi."
2022 Toyota Venza XLE,"$30,390",Del Toyota,CVT,All-Wheel Drive,Hybrid,4.7,"6,925 reviews","Thorndale, PA (72 mi.)","49,912 mi."
2024 Toyota Crown Limited,"$43,490",Del Toyota,CVT,All-Wheel Drive,Hybrid,4.7,"6,925 reviews","Thorndale, PA (72 mi.)","9,669 mi."
2020 Jeep Cherokee Limited,"$20,399",Al Packer Ford,CVT,All-Wheel Drive,Hybrid,4.1,"2,174 reviews","Baltimore, MD (15 mi.)","54,832 mi."
2023 Toyota Highlander Hybrid XLE,"$43,000",Heritage Toyota Catonsville,CVT,All-Wheel Drive,Hybrid,4.4,"1,876 reviews","Baltimore, MD (6 mi.)","48,268 mi."
2023 Toyota Highlander Hybrid XLE,"$45,000",Heritage Toyota Catonsville,CVT,All-Wheel Drive,Hybrid,4.4,"1,876 reviews","Baltimore, MD (6 mi.)","30,399 mi."
2022 Toyota Highlander Hybrid XLE,"$43,000",Heritage Toyota Catonsville,CVT,All-Wheel Drive,Hybrid,4.4,"1,876 reviews","Baltimore, MD (6 mi.)","39,641 mi."
2020 Toyota Prius XLE,"$25,000",Heritage Toyota Catonsville,CVT,All-Wheel Drive,Hybrid,4.4,"1,876 reviews","Baltimore, MD (6 mi.)","36,625 mi."
2021 Toyota Venza XLE,"$31,000",Heritage Toyota Catonsville,CVT,All-Wheel Drive,Hybrid,4.4,"1,876 reviews","Baltimore, MD (6 mi.)","36,328 mi."
2021 Toyota Venza XLE,"$32,000",Heritage Toyota Catonsville,CVT,All-Wheel Drive,Hybrid,4.4,"1,876 reviews","Baltimore, MD (6 mi.)","27,163 mi."
2022 Toyota RAV4 Hybrid XLE Premium,"$34,500",Heritage Toyota Catonsville,CVT,All-Wheel Drive,Hybrid,4.4,"1,876 reviews","Baltimore, MD (6 mi.)","37,182 mi."
2025 Mazda CX-5 Sport,"$37,600",Heritage Mazda Catonsville,CVT,All-Wheel Drive,Hybrid,4.4,968 reviews,"Catonsville, MD (6 mi.)",53 mi.
2025 Honda CR-V Hybrid Sport-L,"$38,000",Acura of Ellicott City,CVT,All-Wheel Drive,Hybrid,4.4,492 reviews,"Ellicott City, MD (8 mi.)","2,138 mi."
2022 Honda CR-V Hybrid EX,"$25,950",Hyundai of Dundalk,CVT,All-Wheel Drive,Hybrid,0,1 review,"Baltimore, MD (10 mi.)","58,460 mi."
2021 Toyota Highlander Hybrid XLE,"$39,750",Heritage Toyota Owings Mills,CVT,All-Wheel Drive,Hybrid,4.6,"1,364 reviews","Owings Mills, MD (13 mi.)","30,115 mi."
2020 Lexus UX 250h Base,"$27,000",Lexus of Towson,CVT,All-Wheel Drive,Hybrid,4.8,636 reviews,"Towson, MD (13 mi.)","49,546 mi."
2020 Lexus RX 450h Base,"$41,000",Lexus of Towson,CVT,All-Wheel Drive,Hybrid,4.8,636 reviews,"Towson, MD (13 mi.)","28,385 mi."
2021 Lexus UX 250h Base,"$29,728",Lexus of Towson,CVT,All-Wheel Drive,Hybrid,4.8,636 reviews,"Towson, MD (13 mi.)","38,041 mi."
2019 Lexus UX 250h 250H,"$28,621",Lexus of Towson,CVT,All-Wheel Drive,Hybrid,4.8,636 reviews,"Towson, MD (13 mi.)","27,548 mi."
2021 Toyota RAV4 Hybrid XLE,"$30,730",Lexus of Towson,CVT,All-Wheel Drive,Hybrid,4.8,636 reviews,"Towson, MD (13 mi.)","14,041 mi."
2024 Lexus NX 350h Premium,"$48,900",DARCARS Lexus Of Silver Spring,CVT,All-Wheel Drive,Hybrid,4.5,"1,797 reviews","Silver Spring, MD (20 mi.)","8,275 mi."
2018 Toyota Highlander Hybrid XLE,"$28,000",Bob Ruth Ford,CVT,All-Wheel Drive,Hybrid,4.6,"1,947 reviews","Dillsburg, PA (64 mi.)","70,366 mi."
2023 Honda CR-V Hybrid Sport,"$32,145","L. B. Smith Ford Lincoln, Inc.",CVT,All-Wheel Drive,Hybrid,5,"2,710 reviews","Lemoyne, PA (71 mi.)","17,574 mi."
2022 Toyota RAV4 Hybrid XLE,"$33,390",Del Toyota,CVT,All-Wheel Drive,Hybrid,4.7,"6,925 reviews","Thorndale, PA (72 mi.)","24,202 mi."
2020 Jeep Cherokee Limited,"$20,399",Al Packer Ford,CVT,All-Wheel Drive,Hybrid,4.1,"2,174 reviews","Baltimore, MD (15 mi.)","54,832 mi."
2023 Toyota Highlander Hybrid Platinum,"$48,500",Lexus of Towson,CVT,All-Wheel Drive,Hybrid,4.8,636 reviews,"Towson, MD (13 mi.)","45,003 mi."
2024 Lexus UX 250h Premium,"$39,000",Lexus of Towson,CVT,All-Wheel Drive,Hybrid,4.8,636 reviews,"Towson, MD (13 mi.)","8,015 mi."
2020 Lexus UX 250h Base,"$30,900",Lexus of Towson,CVT,All-Wheel Drive,Hybrid,4.8,636 reviews,"Towson, MD (13 mi.)","26,162 mi."
2020 Toyota Highlander Hybrid Limited,"$39,949",Len Stoler Lexus,CVT,All-Wheel Drive,Hybrid,5,430 reviews,"Owings Mills, MD (16 mi.)","19,093 mi."
2015 Subaru XV Crosstrek Hybrid Base,Not Priced,Herb Gordon Subaru,CVT,All-Wheel Drive,Hybrid,5,"1,627 reviews","Silver Spring, MD (19 mi.)","144,827 mi."
2022 Honda CR-V Hybrid EX,"$26,598",Volvo Cars Annapolis,CVT,All-Wheel Drive,Hybrid,4.7,"2,617 reviews","Annapolis, MD (20 mi.)","49,836 mi."
2023 Toyota Sienna XSE,"$88,429",Koons Ford of Annapolis,CVT,All-Wheel Drive,Hybrid,4.5,"1,756 reviews","Annapolis, MD (20 mi.)",5 mi.
2023 Toyota Sienna LE,"$79,981",Koons Ford of Annapolis,CVT,All-Wheel Drive,Hybrid,4.5,"1,756 reviews","Annapolis, MD (20 mi.)",5 mi.
2024 Toyota Sienna XLE,"$95,789",Koons Ford of Annapolis,CVT,All-Wheel Drive,Hybrid,4.5,"1,756 reviews","Annapolis, MD (20 mi.)",8 mi.
2023 Toyota Sienna XSE,"$88,385",Koons Ford of Annapolis,CVT,All-Wheel Drive,Hybrid,4.5,"1,756 reviews","Annapolis, MD (20 mi.)",10 mi.
2023 Toyota Sienna XSE,"$88,446",Koons Ford of Annapolis,CVT,All-Wheel Drive,Hybrid,4.5,"1,756 reviews","Annapolis, MD (20 mi.)",0 mi.
2023 Toyota Sienna LE,"$79,819",Koons Ford of Annapolis,CVT,All-Wheel Drive,Hybrid,4.5,"1,756 reviews","Annapolis, MD (20 mi.)",22 mi.
2023 Toyota Sienna XSE 25th Anniversary,"$88,689",Koons Ford of Annapolis,CVT,All-Wheel Drive,Hybrid,4.5,"1,756 reviews","Annapolis, MD (20 mi.)",10 mi.
2022 Toyota RAV4 Prime XSE,"$41,000",Koons Annapolis Toyota,CVT,All-Wheel Drive,Hybrid,4.6,"1,193 reviews","Annapolis, MD (21 mi.)","12,840 mi."
2020 Toyota RAV4 Hybrid Limited,"$19,950",Jones Preowned Superstore,CVT,All-Wheel Drive,Hybrid,3.3,733 reviews,"Fallston, MD (25 mi.)","156,949 mi."
2018 Toyota Highlander Hybrid Limited,Not Priced,Jones Preowned Superstore,CVT,All-Wheel Drive,Hybrid,3.3,733 reviews,"Fallston, MD (25 mi.)","91,844 mi."
2023 Toyota RAV4 Prime SE,Not Priced,Jones Preowned Superstore,CVT,All-Wheel Drive,Hybrid,3.3,733 reviews,"Fallston, MD (25 mi.)","35,414 mi."
2021 Toyota Highlander Hybrid XLE,Not Priced,Jones Preowned Superstore,CVT,All-Wheel Drive,Hybrid,3.3,733 reviews,"Fallston, MD (25 mi.)","75,412 mi."
2022 Toyota RAV4 Hybrid XLE Premium,Not Priced,Jones Used Cars,CVT,All-Wheel Drive,Hybrid,3.7,225 reviews,"Bel Air, MD (25 mi.)","18,549 mi."
2022 Honda CR-V Hybrid Touring,Not Priced,Jones Used Cars,CVT,All-Wheel Drive,Hybrid,3.7,225 reviews,"Bel Air, MD (25 mi.)","48,514 mi."
2020 Jeep Cherokee Limited,"$20,399",Al Packer Ford,CVT,All-Wheel Drive,Hybrid,4.1,"2,174 reviews","Baltimore, MD (15 mi.)","54,832 mi."
2022 Honda CR-V Hybrid Touring,Not Priced,Jones Used Cars,CVT,All-Wheel Drive,Hybrid,3.7,225 reviews,"Bel Air, MD (25 mi.)","88,311 mi."
2019 Lexus UX 250h Base,"$23,980",DARCARS Volvo Cars,CVT,All-Wheel Drive,Hybrid,4.6,364 reviews,"Rockville, MD (28 mi.)","70,914 mi."
2024 Toyota RAV4 Prime XSE,"$46,599",DARCARS 355 Toyota Rockville,CVT,All-Wheel Drive,Hybrid,2.5,289 reviews,"Rockville, MD (28 mi.)","11,915 mi."
2025 Toyota RAV4 Hybrid SE,"$36,599",DARCARS 355 Toyota Rockville,CVT,All-Wheel Drive,Hybrid,2.5,289 reviews,"Rockville, MD (28 mi.)",56 mi.
2024 Toyota Sienna XSE 7 Passenger,"$50,999",DARCARS 355 Toyota Rockville,CVT,All-Wheel Drive,Hybrid,2.5,289 reviews,"Rockville, MD (28 mi.)","8,499 mi."
2024 Toyota RAV4 Prime XSE,"$46,999",DARCARS 355 Toyota Rockville,CVT,All-Wheel Drive,Hybrid,2.5,289 reviews,"Rockville, MD (28 mi.)","14,215 mi."
2016 Toyota RAV4 Hybrid SE,"$21,500",Ourisman Volkswagen of Bethesda,CVT,All-Wheel Drive,Hybrid,3.2,79 reviews,"Bethesda, MD (29 mi.)","46,050 mi."
2021 Honda CR-V Hybrid EX-L,"$29,350",Safford Brown Honda Arlington,CVT,All-Wheel Drive,Hybrid,4.2,893 reviews,"Arlington, VA (34 mi.)","44,702 mi."
2024 Honda CR-V Hybrid Sport-L,"$38,990",Safford Brown Honda Arlington,CVT,All-Wheel Drive,Hybrid,4.2,893 reviews,"Arlington, VA (34 mi.)","8,719 mi."
2025 Honda CR-V Hybrid Sport-L,"$40,108",Safford Brown Honda Arlington,CVT,All-Wheel Drive,Hybrid,4.2,893 reviews,"Arlington, VA (34 mi.)","7,977 mi."
2021 Toyota Highlander Hybrid XLE,"$35,995",Alexandria Toyota,CVT,All-Wheel Drive,Hybrid,4.5,618 reviews,"Alexandria, VA (35 mi.)","57,300 mi."
2020 Lexus NX 300h Base,"$28,995",Alexandria Toyota,CVT,All-Wheel Drive,Hybrid,4.5,618 reviews,"Alexandria, VA (35 mi.)","62,095 mi."
2024 Toyota RAV4 Hybrid LE,"$32,000",Koons Tysons Toyota,CVT,All-Wheel Drive,Hybrid,4.7,"2,580 reviews","Vienna, VA (37 mi.)","14,071 mi."
2024 Toyota RAV4 Hybrid XLE,"$33,750",Koons Tysons Toyota,CVT,All-Wheel Drive,Hybrid,4.7,"2,580 reviews","Vienna, VA (37 mi.)","14,649 mi."
2020 Lexus UX 250h Base,"$25,750",Koons Tysons Toyota,CVT,All-Wheel Drive,Hybrid,4.7,"2,580 reviews","Vienna, VA (37 mi.)","59,189 mi."
2023 Toyota RAV4 Hybrid Woodland Edition,"$32,500",Hart Nissan of NOVA,CVT,All-Wheel Drive,Hybrid,4.8,451 reviews,"Springfield, VA (43 mi.)","50,823 mi."
2021 Toyota Highlander Hybrid XLE,"$33,000",Hart Nissan of NOVA,CVT,All-Wheel Drive,Hybrid,4.8,451 reviews,"Springfield, VA (43 mi.)","78,174 mi."
2022 Toyota Sienna XSE 7 Passenger,"$40,500",Waldorf Toyota,CVT,All-Wheel Drive,Hybrid,4.7,"1,292 reviews","Waldorf, MD (44 mi.)","63,185 mi."
2023 Toyota Sienna XLE,"$62,999",Pohanka Chevrolet,CVT,All-Wheel Drive,Hybrid,4.2,513 reviews,"Chantilly, VA (47 mi.)","15,991 mi."
2019 Lexus RX 450h Base,"$41,900",Pohanka Lexus,CVT,All-Wheel Drive,Hybrid,4,"1,915 reviews","Chantilly, VA (48 mi.)","29,318 mi."
2020 Jeep Cherokee Limited,"$20,399",Al Packer Ford,CVT,All-Wheel Drive,Hybrid,4.1,"2,174 reviews","Baltimore, MD (15 mi.)","54,832 mi."
2025 Lexus UX 300h F DESIGN,"$44,900",Pohanka Lexus,CVT,All-Wheel Drive,Hybrid,4,"1,915 reviews","Chantilly, VA (48 mi.)",6 mi.
2025 Lexus UX 300h F DESIGN,"$44,900",Pohanka Lexus,CVT,All-Wheel Drive,Hybrid,4,"1,915 reviews","Chantilly, VA (48 mi.)",5 mi.
2022 Lexus UX 250h Base,"$35,700",Pohanka Lexus,CVT,All-Wheel Drive,Hybrid,4,"1,915 reviews","Chantilly, VA (48 mi.)","20,250 mi."
2025 Lexus UX 300h F DESIGN,"$44,900",Pohanka Lexus,CVT,All-Wheel Drive,Hybrid,4,"1,915 reviews","Chantilly, VA (48 mi.)",10 mi.
2022 Lexus UX 250h Base,"$35,900",Pohanka Lexus,CVT,All-Wheel Drive,Hybrid,4,"1,915 reviews","Chantilly, VA (48 mi.)","4,099 mi."
2024 Honda CR-V Hybrid Sport Touring,"$38,000",Ted Britt Ford Lincoln of Chantilly,CVT,All-Wheel Drive,Hybrid,3,"1,280 reviews","Chantilly, VA (48 mi.)","7,232 mi."
2022 Toyota Highlander Hybrid Limited,"$42,900",Audi Chantilly,CVT,All-Wheel Drive,Hybrid,4.8,708 reviews,"Chantilly, VA (49 mi.)","28,502 mi."
2023 Honda CR-V Hybrid Sport Touring,"$35,948",Hertrich Honda Kia of Easton,CVT,All-Wheel Drive,Hybrid,0,28 reviews,"Easton, MD (49 mi.)","19,142 mi."
2025 Honda CR-V Hybrid Sport,"$37,200",Hendrick Honda Woodbridge,CVT,All-Wheel Drive,Hybrid,4.8,"1,292 reviews","Woodbridge, VA (52 mi.)",0 mi.
2025 Honda CR-V Hybrid Sport-L,"$37,825",Joyce Koons Honda Buick GMC,CVT,All-Wheel Drive,Hybrid,4.5,"1,190 reviews","Manassas, VA (55 mi.)","3,518 mi."
2017 Toyota Highlander Hybrid XLE,"$22,981",Joyce Koons Honda Buick GMC,CVT,All-Wheel Drive,Hybrid,4.5,"1,190 reviews","Manassas, VA (55 mi.)","98,180 mi."
2022 Toyota Sienna Limited,"$45,200",Miller Toyota,CVT,All-Wheel Drive,Hybrid,4.8,845 reviews,"Manassas, VA (55 mi.)","23,689 mi."
2023 Toyota Sienna Platinum 7 Passenger,"$52,479",Preston Ford Lincoln Hyundai Nissan,CVT,All-Wheel Drive,Hybrid,0,565 reviews,"Hurlock, MD (57 mi.)","32,971 mi."
2022 Toyota Highlander Hybrid Bronze Edition,"$33,000",Ourisman Tri-State Subaru,CVT,All-Wheel Drive,Hybrid,4.5,698 reviews,"Newark, DE (59 mi.)","61,532 mi."
2021 Toyota RAV4 Hybrid LE,"$22,900",Sheehy Volkswagen of Hagerstown,CVT,All-Wheel Drive,Hybrid,0,10 reviews,"Hagerstown, MD (59 mi.)","98,962 mi."
2021 Toyota RAV4 Hybrid XSE,"$25,231",Sheehy Volkswagen of Hagerstown,CVT,All-Wheel Drive,Hybrid,0,10 reviews,"Hagerstown, MD (59 mi.)","119,755 mi."
2022 Toyota Sienna LE,"$41,994",Younger Toyota,CVT,All-Wheel Drive,Hybrid,4.6,"2,110 reviews","Hagerstown, MD (60 mi.)","23,491 mi."
2019 Toyota RAV4 Hybrid XSE,"$27,995",Land Rover Wilmington,CVT,All-Wheel Drive,Hybrid,4.4,135 reviews,"Wilmington, DE (65 mi.)","57,043 mi."
2024 Toyota Sienna LE,"$44,896",New Holland Auto Group,CVT,All-Wheel Drive,Hybrid,4.1,458 reviews,"New Holland, PA (67 mi.)","8,102 mi."
2019 Toyota RAV4 Hybrid Limited,"$26,999",Kia of Coatesville,CVT,All-Wheel Drive,Hybrid,4,481 reviews,"Coatesville, PA (71 mi.)","71,250 mi."
2020 Jeep Cherokee Limited,"$20,399",Al Packer Ford,CVT,All-Wheel Drive,Hybrid,4.1,"2,174 reviews","Baltimore, MD (15 mi.)","54,832 mi."
2024 Toyota RAV4 Hybrid Woodland,Not Priced,Del Toyota,CVT,All-Wheel Drive,Hybrid,4.7,"6,925 reviews","Thorndale, PA (72 mi.)","38,140 mi."
2020 Toyota Highlander Hybrid XLE,"$35,595",Del Toyota,CVT,All-Wheel Drive,Hybrid,4.7,"6,925 reviews","Thorndale, PA (72 mi.)","51,520 mi."
2021 Toyota Venza LE,"$29,995",Del Toyota,CVT,All-Wheel Drive,Hybrid,4.7,"6,925 reviews","Thorndale, PA (72 mi.)","24,517 mi."
2024 Toyota Venza LE,"$33,990",Del Toyota,CVT,All-Wheel Drive,Hybrid,4.7,"6,925 reviews","Thorndale, PA (72 mi.)","29,697 mi."
2021 Toyota Sienna XLE,Not Priced,CMA's Chevrolet of Martinsburg,CVT,All-Wheel Drive,Hybrid,2.7,68 reviews,"Martinsburg, WV (72 mi.)","77,327 mi."
2015 Lexus RX 450h Base,Not Priced,Faulkner Volkswagen,CVT,All-Wheel Drive,Hybrid,4.2,347 reviews,"Mechanicsburg, PA (72 mi.)",0 mi.
2025 Toyota Camry SE,"$33,991",Team Toyota of Glen Mills,CVT,All-Wheel Drive,Hybrid,4,"1,306 reviews","Glen Mills, PA (76 mi.)","4,793 mi."
2024 Toyota RAV4 Hybrid LE,"$32,991",Team Toyota of Glen Mills,CVT,All-Wheel Drive,Hybrid,4,"1,306 reviews","Glen Mills, PA (76 mi.)","14,853 mi."
2022 Lexus NX 350h Premium,"$39,800",MotorWorld Lexus,CVT,All-Wheel Drive,Hybrid,N/A,N/A,"Wilkes-Barre, PA (147 mi.)","56,400 mi."
2022 Lexus LS 500h Base,"$97,974",Lexus of Cherry Hill,CVT,All-Wheel Drive,Hybrid,N/A,N/A,"Mount Laurel, NJ (104 mi.)","22,584 mi."
2024 Toyota RAV4 Prime XSE,"$46,987",Gloucester Toyota,CVT,All-Wheel Drive,Hybrid,N/A,N/A,"Gloucester, VA (130 mi.)","1,000 mi."
2021 Toyota Venza Limited,"$31,982",W & L Subaru,CVT,All-Wheel Drive,Hybrid,N/A,N/A,"Northumberland, PA (116 mi.)","38,696 mi."
2021 Lexus NX 300h,"$29,000",Lester Glenn Hyundai,CVT,All-Wheel Drive,Hybrid,N/A,N/A,"Toms River, NJ (143 mi.)","60,351 mi."
2021 Toyota RAV4 Hybrid XLE,"$28,396",Hertrich Chevrolet Toyota of Pocomoke,CVT,All-Wheel Drive,Hybrid,N/A,N/A,"Pocomoke City, MD (103 mi.)","48,808 mi."
2023 Toyota Highlander Hybrid XLE,"$42,497",Stuckey Nissan of State College,CVT,All-Wheel Drive,Hybrid,N/A,N/A,"State College, PA (123 mi.)","32,250 mi."
2024 Toyota Grand Highlander Hybrid XLE,"$50,950",Wilkie Lexus,CVT,All-Wheel Drive,Hybrid,N/A,N/A,"Haverford, PA (91 mi.)","6,345 mi."
2019 Toyota RAV4 Hybrid Limited,"$24,915",Hyundai of Trenton,CVT,All-Wheel Drive,Hybrid,N/A,N/A,"Ewing Township, NJ (124 mi.)","78,564 mi."
2019 Toyota RAV4 Hybrid XLE,"$24,207",Bennett Toyota,CVT,All-Wheel Drive,Hybrid,N/A,N/A,"Lebanon, PA (77 mi.)","64,518 mi."
2020 Jeep Cherokee Limited,"$20,399",Al Packer Ford,CVT,All-Wheel Drive,Hybrid,4.1,"2,174 reviews","Baltimore, MD (15 mi.)","54,832 mi."
2024 Toyota RAV4 Hybrid Woodland,Not Priced,Del Toyota,CVT,All-Wheel Drive,Hybrid,4.7,"6,925 reviews","Thorndale, PA (72 mi.)","38,140 mi."
2020 Toyota Highlander Hybrid XLE,"$35,595",Del Toyota,CVT,All-Wheel Drive,Hybrid,4.7,"6,925 reviews","Thorndale, PA (72 mi.)","51,520 mi."
2021 Toyota Venza LE,"$29,995",Del Toyota,CVT,All-Wheel Drive,Hybrid,4.7,"6,925 reviews","Thorndale, PA (72 mi.)","24,517 mi."
2024 Toyota Venza LE,"$33,990",Del Toyota,CVT,All-Wheel Drive,Hybrid,4.7,"6,925 reviews","Thorndale, PA (72 mi.)","29,697 mi."
2021 Toyota Sienna XLE,Not Priced,CMA's Chevrolet of Martinsburg,CVT,All-Wheel Drive,Hybrid,2.7,68 reviews,"Martinsburg, WV (72 mi.)","77,327 mi."
2015 Lexus RX 450h Base,Not Priced,Faulkner Volkswagen,CVT,All-Wheel Drive,Hybrid,4.2,347 reviews,"Mechanicsburg, PA (72 mi.)",0 mi.
2025 Toyota Camry SE,"$33,991",Team Toyota of Glen Mills,CVT,All-Wheel Drive,Hybrid,4,"1,306 reviews","Glen Mills, PA (76 mi.)","4,793 mi."
2024 Toyota RAV4 Hybrid LE,"$32,991",Team Toyota of Glen Mills,CVT,All-Wheel Drive,Hybrid,4,"1,306 reviews","Glen Mills, PA (76 mi.)","14,853 mi."
2022 Lexus NX 350h Premium,"$39,800",MotorWorld Lexus,CVT,All-Wheel Drive,Hybrid,N/A,N/A,"Wilkes-Barre, PA (147 mi.)","56,400 mi."
2022 Lexus LS 500h Base,"$97,974",Lexus of Cherry Hill,CVT,All-Wheel Drive,Hybrid,N/A,N/A,"Mount Laurel, NJ (104 mi.)","22,584 mi."
2024 Toyota RAV4 Prime XSE,"$46,987",Gloucester Toyota,CVT,All-Wheel Drive,Hybrid,N/A,N/A,"Gloucester, VA (130 mi.)","1,000 mi."
2021 Toyota Venza Limited,"$31,982",W & L Subaru,CVT,All-Wheel Drive,Hybrid,N/A,N/A,"Northumberland, PA (116 mi.)","38,696 mi."
2021 Lexus NX 300h,"$29,000",Lester Glenn Hyundai,CVT,All-Wheel Drive,Hybrid,N/A,N/A,"Toms River, NJ (143 mi.)","60,351 mi."
2021 Toyota RAV4 Hybrid XLE,"$28,396",Hertrich Chevrolet Toyota of Pocomoke,CVT,All-Wheel Drive,Hybrid,N/A,N/A,"Pocomoke City, MD (103 mi.)","48,808 mi."
2023 Toyota Highlander Hybrid XLE,"$42,497",Stuckey Nissan of State College,CVT,All-Wheel Drive,Hybrid,N/A,N/A,"State College, PA (123 mi.)","32,250 mi."
2024 Toyota Grand Highlander Hybrid XLE,"$50,950",Wilkie Lexus,CVT,All-Wheel Drive,Hybrid,N/A,N/A,"Haverford, PA (91 mi.)","6,345 mi."
2019 Toyota RAV4 Hybrid Limited,"$24,915",Hyundai of Trenton,CVT,All-Wheel Drive,Hybrid,N/A,N/A,"Ewing Township, NJ (124 mi.)","78,564 mi."
2019 Toyota RAV4 Hybrid XLE,"$24,207",Bennett Toyota,CVT,All-Wheel Drive,Hybrid,N/A,N/A,"Lebanon, PA (77 mi.)","64,518 mi."
2020 Jeep Cherokee Limited,"$20,399",Al Packer Ford,CVT,All-Wheel Drive,Hybrid,4.1,"2,174 reviews","Baltimore, MD (15 mi.)","54,832 mi."
2024 Toyota RAV4 Hybrid Woodland,Not Priced,Del Toyota,CVT,All-Wheel Drive,Hybrid,4.7,"6,925 reviews","Thorndale, PA (72 mi.)","38,140 mi."
2020 Toyota Highlander Hybrid XLE,"$35,595",Del Toyota,CVT,All-Wheel Drive,Hybrid,4.7,"6,925 reviews","Thorndale, PA (72 mi.)","51,520 mi."
2021 Toyota Venza LE,"$29,995",Del Toyota,CVT,All-Wheel Drive,Hybrid,4.7,"6,925 reviews","Thorndale, PA (72 mi.)","24,517 mi."
2024 Toyota Venza LE,"$33,990",Del Toyota,CVT,All-Wheel Drive,Hybrid,4.7,"6,925 reviews","Thorndale, PA (72 mi.)","29,697 mi."
2021 Toyota Sienna XLE,Not Priced,CMA's Chevrolet of Martinsburg,CVT,All-Wheel Drive,Hybrid,2.7,68 reviews,"Martinsburg, WV (72 mi.)","77,327 mi."
2015 Lexus RX 450h Base,Not Priced,Faulkner Volkswagen,CVT,All-Wheel Drive,Hybrid,4.2,347 reviews,"Mechanicsburg, PA (72 mi.)",0 mi.
2025 Toyota Camry SE,"$33,991",Team Toyota of Glen Mills,CVT,All-Wheel Drive,Hybrid,4,"1,306 reviews","Glen Mills, PA (76 mi.)","4,793 mi."
2024 Toyota RAV4 Hybrid LE,"$32,991",Team Toyota of Glen Mills,CVT,All-Wheel Drive,Hybrid,4,"1,306 reviews","Glen Mills, PA (76 mi.)","14,853 mi."
2022 Lexus NX 350h Premium,"$39,800",MotorWorld Lexus,CVT,All-Wheel Drive,Hybrid,N/A,N/A,"Wilkes-Barre, PA (147 mi.)","56,400 mi."
2022 Lexus LS 500h Base,"$97,974",Lexus of Cherry Hill,CVT,All-Wheel Drive,Hybrid,N/A,N/A,"Mount Laurel, NJ (104 mi.)","22,584 mi."
2024 Toyota RAV4 Prime XSE,"$46,987",Gloucester Toyota,CVT,All-Wheel Drive,Hybrid,N/A,N/A,"Gloucester, VA (130 mi.)","1,000 mi."
2021 Toyota Venza Limited,"$31,982",W & L Subaru,CVT,All-Wheel Drive,Hybrid,N/A,N/A,"Northumberland, PA (116 mi.)","38,696 mi."
2021 Lexus NX 300h,"$29,000",Lester Glenn Hyundai,CVT,All-Wheel Drive,Hybrid,N/A,N/A,"Toms River, NJ (143 mi.)","60,351 mi."
2021 Toyota RAV4 Hybrid XLE,"$28,396",Hertrich Chevrolet Toyota of Pocomoke,CVT,All-Wheel Drive,Hybrid,N/A,N/A,"Pocomoke City, MD (103 mi.)","48,808 mi."
2023 Toyota Highlander Hybrid XLE,"$42,497",Stuckey Nissan of State College,CVT,All-Wheel Drive,Hybrid,N/A,N/A,"State College, PA (123 mi.)","32,250 mi."
2024 Toyota Grand Highlander Hybrid XLE,"$50,950",Wilkie Lexus,CVT,All-Wheel Drive,Hybrid,N/A,N/A,"Haverford, PA (91 mi.)","6,345 mi."
2019 Toyota RAV4 Hybrid Limited,"$24,915",Hyundai of Trenton,CVT,All-Wheel Drive,Hybrid,N/A,N/A,"Ewing Township, NJ (124 mi.)","78,564 mi."
2019 Toyota RAV4 Hybrid XLE,"$24,207",Bennett Toyota,CVT,All-Wheel Drive,Hybrid,N/A,N/A,"Lebanon, PA (77 mi.)","64,518 mi."
2020 Jeep Cherokee Limited,"$20,399",Al Packer Ford,CVT,All-Wheel Drive,Hybrid,4.1,"2,174 reviews","Baltimore, MD (15 mi.)","54,832 mi."
2024 Toyota RAV4 Hybrid Woodland,Not Priced,Del Toyota,CVT,All-Wheel Drive,Hybrid,4.7,"6,925 reviews","Thorndale, PA (72 mi.)","38,140 mi."
2020 Toyota Highlander Hybrid XLE,"$35,595",Del Toyota,CVT,All-Wheel Drive,Hybrid,4.7,"6,925 reviews","Thorndale, PA (72 mi.)","51,520 mi."
2021 Toyota Venza LE,"$29,995",Del Toyota,CVT,All-Wheel Drive,Hybrid,4.7,"6,925 reviews","Thorndale, PA (72 mi.)","24,517 mi."
2024 Toyota Venza LE,"$33,990",Del Toyota,CVT,All-Wheel Drive,Hybrid,4.7,"6,925 reviews","Thorndale, PA (72 mi.)","29,697 mi."
2021 Toyota Sienna XLE,Not Priced,CMA's Chevrolet of Martinsburg,CVT,All-Wheel Drive,Hybrid,2.7,68 reviews,"Martinsburg, WV (72 mi.)","77,327 mi."
2015 Lexus RX 450h Base,Not Priced,Faulkner Volkswagen,CVT,All-Wheel Drive,Hybrid,4.2,347 reviews,"Mechanicsburg, PA (72 mi.)",0 mi.
2025 Toyota Camry SE,"$33,991",Team Toyota of Glen Mills,CVT,All-Wheel Drive,Hybrid,4,"1,306 reviews","Glen Mills, PA (76 mi.)","4,793 mi."
2024 Toyota RAV4 Hybrid LE,"$32,991",Team Toyota of Glen Mills,CVT,All-Wheel Drive,Hybrid,4,"1,306 reviews","Glen Mills, PA (76 mi.)","14,853 mi."
2022 Lexus NX 350h Premium,"$39,800",MotorWorld Lexus,CVT,All-Wheel Drive,Hybrid,N/A,N/A,"Wilkes-Barre, PA (147 mi.)","56,400 mi."
2022 Lexus LS 500h Base,"$97,974",Lexus of Cherry Hill,CVT,All-Wheel Drive,Hybrid,N/A,N/A,"Mount Laurel, NJ (104 mi.)","22,584 mi."
2024 Toyota RAV4 Prime XSE,"$46,987",Gloucester Toyota,CVT,All-Wheel Drive,Hybrid,N/A,N/A,"Gloucester, VA (130 mi.)","1,000 mi."
2021 Toyota Venza Limited,"$31,982",W & L Subaru,CVT,All-Wheel Drive,Hybrid,N/A,N/A,"Northumberland, PA (116 mi.)","38,696 mi."
2021 Lexus NX 300h,"$29,000",Lester Glenn Hyundai,CVT,All-Wheel Drive,Hybrid,N/A,N/A,"Toms River, NJ (143 mi.)","60,351 mi."
2021 Toyota RAV4 Hybrid XLE,"$28,396",Hertrich Chevrolet Toyota of Pocomoke,CVT,All-Wheel Drive,Hybrid,N/A,N/A,"Pocomoke City, MD (103 mi.)","48,808 mi."
2023 Toyota Highlander Hybrid XLE,"$42,497",Stuckey Nissan of State College,CVT,All-Wheel Drive,Hybrid,N/A,N/A,"State College, PA (123 mi.)","32,250 mi."
2024 Toyota Grand Highlander Hybrid XLE,"$50,950",Wilkie Lexus,CVT,All-Wheel Drive,Hybrid,N/A,N/A,"Haverford, PA (91 mi.)","6,345 mi."
2019 Toyota RAV4 Hybrid Limited,"$24,915",Hyundai of Trenton,CVT,All-Wheel Drive,Hybrid,N/A,N/A,"Ewing Township, NJ (124 mi.)","78,564 mi."
2019 Toyota RAV4 Hybrid XLE,"$24,207",Bennett Toyota,CVT,All-Wheel Drive,Hybrid,N/A,N/A,"Lebanon, PA (77 mi.)","64,518 mi."
2020 Jeep Cherokee Limited,"$20,399",Al Packer Ford,CVT,All-Wheel Drive,Hybrid,4.1,"2,174 reviews","Baltimore, MD (15 mi.)","54,832 mi."
2024 Toyota RAV4 Hybrid Woodland,Not Priced,Del Toyota,CVT,All-Wheel Drive,Hybrid,4.7,"6,925 reviews","Thorndale, PA (72 mi.)","38,140 mi."
2020 Toyota Highlander Hybrid XLE,"$35,595",Del Toyota,CVT,All-Wheel Drive,Hybrid,4.7,"6,925 reviews","Thorndale, PA (72 mi.)","51,520 mi."
2021 Toyota Venza LE,"$29,995",Del Toyota,CVT,All-Wheel Drive,Hybrid,4.7,"6,925 reviews","Thorndale, PA (72 mi.)","24,517 mi."
2024 Toyota Venza LE,"$33,990",Del Toyota,CVT,All-Wheel Drive,Hybrid,4.7,"6,925 reviews","Thorndale, PA (72 mi.)","29,697 mi."
2021 Toyota Sienna XLE,Not Priced,CMA's Chevrolet of Martinsburg,CVT,All-Wheel Drive,Hybrid,2.7,68 reviews,"Martinsburg, WV (72 mi.)","77,327 mi."
2015 Lexus RX 450h Base,Not Priced,Faulkner Volkswagen,CVT,All-Wheel Drive,Hybrid,4.2,347 reviews,"Mechanicsburg, PA (72 mi.)",0 mi.
2025 Toyota Camry SE,"$33,991",Team Toyota of Glen Mills,CVT,All-Wheel Drive,Hybrid,4,"1,306 reviews","Glen Mills, PA (76 mi.)","4,793 mi."
2024 Toyota RAV4 Hybrid LE,"$32,991",Team Toyota of Glen Mills,CVT,All-Wheel Drive,Hybrid,4,"1,306 reviews","Glen Mills, PA (76 mi.)","14,853 mi."
2022 Lexus NX 350h Premium,"$39,800",MotorWorld Lexus,CVT,All-Wheel Drive,Hybrid,N/A,N/A,"Wilkes-Barre, PA (147 mi.)","56,400 mi."
2022 Lexus LS 500h Base,"$97,974",Lexus of Cherry Hill,CVT,All-Wheel Drive,Hybrid,N/A,N/A,"Mount Laurel, NJ (104 mi.)","22,584 mi."
2024 Toyota RAV4 Prime XSE,"$46,987",Gloucester Toyota,CVT,All-Wheel Drive,Hybrid,N/A,N/A,"Gloucester, VA (130 mi.)","1,000 mi."
2021 Toyota Venza Limited,"$31,982",W & L Subaru,CVT,All-Wheel Drive,Hybrid,N/A,N/A,"Northumberland, PA (116 mi.)","38,696 mi."
2021 Lexus NX 300h,"$29,000",Lester Glenn Hyundai,CVT,All-Wheel Drive,Hybrid,N/A,N/A,"Toms River, NJ (143 mi.)","60,351 mi."
2021 Toyota RAV4 Hybrid XLE,"$28,396",Hertrich Chevrolet Toyota of Pocomoke,CVT,All-Wheel Drive,Hybrid,N/A,N/A,"Pocomoke City, MD (103 mi.)","48,808 mi."
2023 Toyota Highlander Hybrid XLE,"$42,497",Stuckey Nissan of State College,CVT,All-Wheel Drive,Hybrid,N/A,N/A,"State College, PA (123 mi.)","32,250 mi."
2024 Toyota Grand Highlander Hybrid XLE,"$50,950",Wilkie Lexus,CVT,All-Wheel Drive,Hybrid,N/A,N/A,"Haverford, PA (91 mi.)","6,345 mi."
2019 Toyota RAV4 Hybrid Limited,"$24,915",Hyundai of Trenton,CVT,All-Wheel Drive,Hybrid,N/A,N/A,"Ewing Township, NJ (124 mi.)","78,564 mi."
2019 Toyota RAV4 Hybrid XLE,"$24,207",Bennett Toyota,CVT,All-Wheel Drive,Hybrid,N/A,N/A,"Lebanon, PA (77 mi.)","64,518 mi."
2020 Jeep Cherokee Limited,"$20,399",Al Packer Ford,CVT,All-Wheel Drive,Hybrid,4.1,"2,174 reviews","Baltimore, MD (15 mi.)","54,832 mi."
2024 Toyota RAV4 Hybrid Woodland,Not Priced,Del Toyota,CVT,All-Wheel Drive,Hybrid,4.7,"6,925 reviews","Thorndale, PA (72 mi.)","38,140 mi."
2020 Toyota Highlander Hybrid XLE,"$35,595",Del Toyota,CVT,All-Wheel Drive,Hybrid,4.7,"6,925 reviews","Thorndale, PA (72 mi.)","51,520 mi."
2021 Toyota Venza LE,"$29,995",Del Toyota,CVT,All-Wheel Drive,Hybrid,4.7,"6,925 reviews","Thorndale, PA (72 mi.)","24,517 mi."
2024 Toyota Venza LE,"$33,990",Del Toyota,CVT,All-Wheel Drive,Hybrid,4.7,"6,925 reviews","Thorndale, PA (72 mi.)","29,697 mi."
2021 Toyota Sienna XLE,Not Priced,CMA's Chevrolet of Martinsburg,CVT,All-Wheel Drive,Hybrid,2.7,68 reviews,"Martinsburg, WV (72 mi.)","77,327 mi."
2015 Lexus RX 450h Base,Not Priced,Faulkner Volkswagen,CVT,All-Wheel Drive,Hybrid,4.2,347 reviews,"Mechanicsburg, PA (72 mi.)",0 mi.
2025 Toyota Camry SE,"$33,991",Team Toyota of Glen Mills,CVT,All-Wheel Drive,Hybrid,4,"1,306 reviews","Glen Mills, PA (76 mi.)","4,793 mi."
2024 Toyota RAV4 Hybrid LE,"$32,991",Team Toyota of Glen Mills,CVT,All-Wheel Drive,Hybrid,4,"1,306 reviews","Glen Mills, PA (76 mi.)","14,853 mi."
2022 Lexus NX 350h Premium,"$39,800",MotorWorld Lexus,CVT,All-Wheel Drive,Hybrid,N/A,N/A,"Wilkes-Barre, PA (147 mi.)","56,400 mi."
2022 Lexus LS 500h Base,"$97,974",Lexus of Cherry Hill,CVT,All-Wheel Drive,Hybrid,N/A,N/A,"Mount Laurel, NJ (104 mi.)","22,584 mi."
2024 Toyota RAV4 Prime XSE,"$46,987",Gloucester Toyota,CVT,All-Wheel Drive,Hybrid,N/A,N/A,"Gloucester, VA (130 mi.)","1,000 mi."
2021 Toyota Venza Limited,"$31,982",W & L Subaru,CVT,All-Wheel Drive,Hybrid,N/A,N/A,"Northumberland, PA (116 mi.)","38,696 mi."
2021 Lexus NX 300h,"$29,000",Lester Glenn Hyundai,CVT,All-Wheel Drive,Hybrid,N/A,N/A,"Toms River, NJ (143 mi.)","60,351 mi."
2021 Toyota RAV4 Hybrid XLE,"$28,396",Hertrich Chevrolet Toyota of Pocomoke,CVT,All-Wheel Drive,Hybrid,N/A,N/A,"Pocomoke City, MD (103 mi.)","48,808 mi."
2023 Toyota Highlander Hybrid XLE,"$42,497",Stuckey Nissan of State College,CVT,All-Wheel Drive,Hybrid,N/A,N/A,"State College, PA (123 mi.)","32,250 mi."
2024 Toyota Grand Highlander Hybrid XLE,"$50,950",Wilkie Lexus,CVT,All-Wheel Drive,Hybrid,N/A,N/A,"Haverford, PA (91 mi.)","6,345 mi."
2019 Toyota RAV4 Hybrid Limited,"$24,915",Hyundai of Trenton,CVT,All-Wheel Drive,Hybrid,N/A,N/A,"Ewing Township, NJ (124 mi.)","78,564 mi."
2019 Toyota RAV4 Hybrid XLE,"$24,207",Bennett Toyota,CVT,All-Wheel Drive,Hybrid,N/A,N/A,"Lebanon, PA (77 mi.)","64,518 mi."
2020 Jeep Cherokee Limited,"$20,399",Al Packer Ford,CVT,All-Wheel Drive,Hybrid,4.1,"2,174 reviews","Baltimore, MD (15 mi.)","54,832 mi."
2024 Toyota RAV4 Hybrid Woodland,Not Priced,Del Toyota,CVT,All-Wheel Drive,Hybrid,4.7,"6,925 reviews","Thorndale, PA (72 mi.)","38,140 mi."
2020 Toyota Highlander Hybrid XLE,"$35,595",Del Toyota,CVT,All-Wheel Drive,Hybrid,4.7,"6,925 reviews","Thorndale, PA (72 mi.)","51,520 mi."
2021 Toyota Venza LE,"$29,995",Del Toyota,CVT,All-Wheel Drive,Hybrid,4.7,"6,925 reviews","Thorndale, PA (72 mi.)","24,517 mi."
2024 Toyota Venza LE,"$33,990",Del Toyota,CVT,All-Wheel Drive,Hybrid,4.7,"6,925 reviews","Thorndale, PA (72 mi.)","29,697 mi."
2021 Toyota Sienna XLE,Not Priced,CMA's Chevrolet of Martinsburg,CVT,All-Wheel Drive,Hybrid,2.7,68 reviews,"Martinsburg, WV (72 mi.)","77,327 mi."
2015 Lexus RX 450h Base,Not Priced,Faulkner Volkswagen,CVT,All-Wheel Drive,Hybrid,4.2,347 reviews,"Mechanicsburg, PA (72 mi.)",0 mi.
2025 Toyota Camry SE,"$33,991",Team Toyota of Glen Mills,CVT,All-Wheel Drive,Hybrid,4,"1,306 reviews","Glen Mills, PA (76 mi.)","4,793 mi."
2024 Toyota RAV4 Hybrid LE,"$32,991",Team Toyota of Glen Mills,CVT,All-Wheel Drive,Hybrid,4,"1,306 reviews","Glen Mills, PA (76 mi.)","14,853 mi."
2022 Lexus NX 350h Premium,"$39,800",MotorWorld Lexus,CVT,All-Wheel Drive,Hybrid,N/A,N/A,"Wilkes-Barre, PA (147 mi.)","56,400 mi."
2022 Lexus LS 500h Base,"$97,974",Lexus of Cherry Hill,CVT,All-Wheel Drive,Hybrid,N/A,N/A,"Mount Laurel, NJ (104 mi.)","22,584 mi."
2024 Toyota RAV4 Prime XSE,"$46,987",Gloucester Toyota,CVT,All-Wheel Drive,Hybrid,N/A,N/A,"Gloucester, VA (130 mi.)","1,000 mi."
2021 Toyota Venza Limited,"$31,982",W & L Subaru,CVT,All-Wheel Drive,Hybrid,N/A,N/A,"Northumberland, PA (116 mi.)","38,696 mi."
2021 Lexus NX 300h,"$29,000",Lester Glenn Hyundai,CVT,All-Wheel Drive,Hybrid,N/A,N/A,"Toms River, NJ (143 mi.)","60,351 mi."
2021 Toyota RAV4 Hybrid XLE,"$28,396",Hertrich Chevrolet Toyota of Pocomoke,CVT,All-Wheel Drive,Hybrid,N/A,N/A,"Pocomoke City, MD (103 mi.)","48,808 mi."
2023 Toyota Highlander Hybrid XLE,"$42,497",Stuckey Nissan of State College,CVT,All-Wheel Drive,Hybrid,N/A,N/A,"State College, PA (123 mi.)","32,250 mi."
2024 Toyota Grand Highlander Hybrid XLE,"$50,950",Wilkie Lexus,CVT,All-Wheel Drive,Hybrid,N/A,N/A,"Haverford, PA (91 mi.)","6,345 mi."
2019 Toyota RAV4 Hybrid Limited,"$24,915",Hyundai of Trenton,CVT,All-Wheel Drive,Hybrid,N/A,N/A,"Ewing Township, NJ (124 mi.)","78,564 mi."
2019 Toyota RAV4 Hybrid XLE,"$24,207",Bennett Toyota,CVT,All-Wheel Drive,Hybrid,N/A,N/A,"Lebanon, PA (77 mi.)","64,518 mi."
2020 Jeep Cherokee Limited,"$20,399",Al Packer Ford,CVT,All-Wheel Drive,Hybrid,4.1,"2,174 reviews","Baltimore, MD (15 mi.)","54,832 mi."
2024 Toyota RAV4 Hybrid Woodland,Not Priced,Del Toyota,CVT,All-Wheel Drive,Hybrid,4.7,"6,925 reviews","Thorndale, PA (72 mi.)","38,140 mi."
2020 Toyota Highlander Hybrid XLE,"$35,595",Del Toyota,CVT,All-Wheel Drive,Hybrid,4.7,"6,925 reviews","Thorndale, PA (72 mi.)","51,520 mi."
2021 Toyota Venza LE,"$29,995",Del Toyota,CVT,All-Wheel Drive,Hybrid,4.7,"6,925 reviews","Thorndale, PA (72 mi.)","24,517 mi."
2024 Toyota Venza LE,"$33,990",Del Toyota,CVT,All-Wheel Drive,Hybrid,4.7,"6,925 reviews","Thorndale, PA (72 mi.)","29,697 mi."
2021 Toyota Sienna XLE,Not Priced,CMA's Chevrolet of Martinsburg,CVT,All-Wheel Drive,Hybrid,2.7,68 reviews,"Martinsburg, WV (72 mi.)","77,327 mi."
2015 Lexus RX 450h Base,Not Priced,Faulkner Volkswagen,CVT,All-Wheel Drive,Hybrid,4.2,347 reviews,"Mechanicsburg, PA (72 mi.)",0 mi.
2025 Toyota Camry SE,"$33,991",Team Toyota of Glen Mills,CVT,All-Wheel Drive,Hybrid,4,"1,306 reviews","Glen Mills, PA (76 mi.)","4,793 mi."
2024 Toyota RAV4 Hybrid LE,"$32,991",Team Toyota of Glen Mills,CVT,All-Wheel Drive,Hybrid,4,"1,306 reviews","Glen Mills, PA (76 mi.)","14,853 mi."
2022 Lexus NX 350h Premium,"$39,800",MotorWorld Lexus,CVT,All-Wheel Drive,Hybrid,N/A,N/A,"Wilkes-Barre, PA (147 mi.)","56,400 mi."
2022 Lexus LS 500h Base,"$97,974",Lexus of Cherry Hill,CVT,All-Wheel Drive,Hybrid,N/A,N/A,"Mount Laurel, NJ (104 mi.)","22,584 mi."
2024 Toyota RAV4 Prime XSE,"$46,987",Gloucester Toyota,CVT,All-Wheel Drive,Hybrid,N/A,N/A,"Gloucester, VA (130 mi.)","1,000 mi."
2021 Toyota Venza Limited,"$31,982",W & L Subaru,CVT,All-Wheel Drive,Hybrid,N/A,N/A,"Northumberland, PA (116 mi.)","38,696 mi."
2021 Lexus NX 300h,"$29,000",Lester Glenn Hyundai,CVT,All-Wheel Drive,Hybrid,N/A,N/A,"Toms River, NJ (143 mi.)","60,351 mi."
2021 Toyota RAV4 Hybrid XLE,"$28,396",Hertrich Chevrolet Toyota of Pocomoke,CVT,All-Wheel Drive,Hybrid,N/A,N/A,"Pocomoke City, MD (103 mi.)","48,808 mi."
2023 Toyota Highlander Hybrid XLE,"$42,497",Stuckey Nissan of State College,CVT,All-Wheel Drive,Hybrid,N/A,N/A,"State College, PA (123 mi.)","32,250 mi."
2024 Toyota Grand Highlander Hybrid XLE,"$50,950",Wilkie Lexus,CVT,All-Wheel Drive,Hybrid,N/A,N/A,"Haverford, PA (91 mi.)","6,345 mi."
2019 Toyota RAV4 Hybrid Limited,"$24,915",Hyundai of Trenton,CVT,All-Wheel Drive,Hybrid,N/A,N/A,"Ewing Township, NJ (124 mi.)","78,564 mi."
2019 Toyota RAV4 Hybrid XLE,"$24,207",Bennett Toyota,CVT,All-Wheel Drive,Hybrid,N/A,N/A,"Lebanon, PA (77 mi.)","64,518 mi."
2020 Jeep Cherokee Limited,"$20,399",Al Packer Ford,CVT,All-Wheel Drive,Hybrid,4.1,"2,174 reviews","Baltimore, MD (15 mi.)","54,832 mi."
2024 Toyota RAV4 Hybrid Woodland,Not Priced,Del Toyota,CVT,All-Wheel Drive,Hybrid,4.7,"6,925 reviews","Thorndale, PA (72 mi.)","38,140 mi."
2020 Toyota Highlander Hybrid XLE,"$35,595",Del Toyota,CVT,All-Wheel Drive,Hybrid,4.7,"6,925 reviews","Thorndale, PA (72 mi.)","51,520 mi."
2021 Toyota Venza LE,"$29,995",Del Toyota,CVT,All-Wheel Drive,Hybrid,4.7,"6,925 reviews","Thorndale, PA (72 mi.)","24,517 mi."
2024 Toyota Venza LE,"$33,990",Del Toyota,CVT,All-Wheel Drive,Hybrid,4.7,"6,925 reviews","Thorndale, PA (72 mi.)","29,697 mi."
2021 Toyota Sienna XLE,Not Priced,CMA's Chevrolet of Martinsburg,CVT,All-Wheel Drive,Hybrid,2.7,68 reviews,"Martinsburg, WV (72 mi.)","77,327 mi."
2015 Lexus RX 450h Base,Not Priced,Faulkner Volkswagen,CVT,All-Wheel Drive,Hybrid,4.2,347 reviews,"Mechanicsburg, PA (72 mi.)",0 mi.
2025 Toyota Camry SE,"$33,991",Team Toyota of Glen Mills,CVT,All-Wheel Drive,Hybrid,4,"1,306 reviews","Glen Mills, PA (76 mi.)","4,793 mi."
2024 Toyota RAV4 Hybrid LE,"$32,991",Team Toyota of Glen Mills,CVT,All-Wheel Drive,Hybrid,4,"1,306 reviews","Glen Mills, PA (76 mi.)","14,853 mi."
2022 Lexus NX 350h Premium,"$39,800",MotorWorld Lexus,CVT,All-Wheel Drive,Hybrid,N/A,N/A,"Wilkes-Barre, PA (147 mi.)","56,400 mi."
2022 Lexus LS 500h Base,"$97,974",Lexus of Cherry Hill,CVT,All-Wheel Drive,Hybrid,N/A,N/A,"Mount Laurel, NJ (104 mi.)","22,584 mi."
2024 Toyota RAV4 Prime XSE,"$46,987",Gloucester Toyota,CVT,All-Wheel Drive,Hybrid,N/A,N/A,"Gloucester, VA (130 mi.)","1,000 mi."
2021 Toyota Venza Limited,"$31,982",W & L Subaru,CVT,All-Wheel Drive,Hybrid,N/A,N/A,"Northumberland, PA (116 mi.)","38,696 mi."
2021 Lexus NX 300h,"$29,000",Lester Glenn Hyundai,CVT,All-Wheel Drive,Hybrid,N/A,N/A,"Toms River, NJ (143 mi.)","60,351 mi."
2021 Toyota RAV4 Hybrid XLE,"$28,396",Hertrich Chevrolet Toyota of Pocomoke,CVT,All-Wheel Drive,Hybrid,N/A,N/A,"Pocomoke City, MD (103 mi.)","48,808 mi."
2023 Toyota Highlander Hybrid XLE,"$42,497",Stuckey Nissan of State College,CVT,All-Wheel Drive,Hybrid,N/A,N/A,"State College, PA (123 mi.)","32,250 mi."
2024 Toyota Grand Highlander Hybrid XLE,"$50,950",Wilkie Lexus,CVT,All-Wheel Drive,Hybrid,N/A,N/A,"Haverford, PA (91 mi.)","6,345 mi."
2019 Toyota RAV4 Hybrid Limited,"$24,915",Hyundai of Trenton,CVT,All-Wheel Drive,Hybrid,N/A,N/A,"Ewing Township, NJ (124 mi.)","78,564 mi."
2019 Toyota RAV4 Hybrid XLE,"$24,207",Bennett Toyota,CVT,All-Wheel Drive,Hybrid,N/A,N/A,"Lebanon, PA (77 mi.)","64,518 mi."
2020 Jeep Cherokee Limited,"$20,399",Al Packer Ford,CVT,All-Wheel Drive,Hybrid,4.1,"2,174 reviews","Baltimore, MD (15 mi.)","54,832 mi."
2024 Toyota RAV4 Hybrid Woodland,Not Priced,Del Toyota,CVT,All-Wheel Drive,Hybrid,4.7,"6,925 reviews","Thorndale, PA (72 mi.)","38,140 mi."
2020 Toyota Highlander Hybrid XLE,"$35,595",Del Toyota,CVT,All-Wheel Drive,Hybrid,4.7,"6,925 reviews","Thorndale, PA (72 mi.)","51,520 mi."
2021 Toyota Venza LE,"$29,995",Del Toyota,CVT,All-Wheel Drive,Hybrid,4.7,"6,925 reviews","Thorndale, PA (72 mi.)","24,517 mi."
2024 Toyota Venza LE,"$33,990",Del Toyota,CVT,All-Wheel Drive,Hybrid,4.7,"6,925 reviews","Thorndale, PA (72 mi.)","29,697 mi."
2021 Toyota Sienna XLE,Not Priced,CMA's Chevrolet of Martinsburg,CVT,All-Wheel Drive,Hybrid,2.7,68 reviews,"Martinsburg, WV (72 mi.)","77,327 mi."
2015 Lexus RX 450h Base,Not Priced,Faulkner Volkswagen,CVT,All-Wheel Drive,Hybrid,4.2,347 reviews,"Mechanicsburg, PA (72 mi.)",0 mi.
2025 Toyota Camry SE,"$33,991",Team Toyota of Glen Mills,CVT,All-Wheel Drive,Hybrid,4,"1,306 reviews","Glen Mills, PA (76 mi.)","4,793 mi."
2024 Toyota RAV4 Hybrid LE,"$32,991",Team Toyota of Glen Mills,CVT,All-Wheel Drive,Hybrid,4,"1,306 reviews","Glen Mills, PA (76 mi.)","14,853 mi."
2022 Lexus NX 350h Premium,"$39,800",MotorWorld Lexus,CVT,All-Wheel Drive,Hybrid,N/A,N/A,"Wilkes-Barre, PA (147 mi.)","56,400 mi."
2022 Lexus LS 500h Base,"$97,974",Lexus of Cherry Hill,CVT,All-Wheel Drive,Hybrid,N/A,N/A,"Mount Laurel, NJ (104 mi.)","22,584 mi."
2024 Toyota RAV4 Prime XSE,"$46,987",Gloucester Toyota,CVT,All-Wheel Drive,Hybrid,N/A,N/A,"Gloucester, VA (130 mi.)","1,000 mi."
2021 Toyota Venza Limited,"$31,982",W & L Subaru,CVT,All-Wheel Drive,Hybrid,N/A,N/A,"Northumberland, PA (116 mi.)","38,696 mi."
2021 Lexus NX 300h,"$29,000",Lester Glenn Hyundai,CVT,All-Wheel Drive,Hybrid,N/A,N/A,"Toms River, NJ (143 mi.)","60,351 mi."
2021 Toyota RAV4 Hybrid XLE,"$28,396",Hertrich Chevrolet Toyota of Pocomoke,CVT,All-Wheel Drive,Hybrid,N/A,N/A,"Pocomoke City, MD (103 mi.)","48,808 mi."
2023 Toyota Highlander Hybrid XLE,"$42,497",Stuckey Nissan of State College,CVT,All-Wheel Drive,Hybrid,N/A,N/A,"State College, PA (123 mi.)","32,250 mi."
2024 Toyota Grand Highlander Hybrid XLE,"$50,950",Wilkie Lexus,CVT,All-Wheel Drive,Hybrid,N/A,N/A,"Haverford, PA (91 mi.)","6,345 mi."
2019 Toyota RAV4 Hybrid Limited,"$24,915",Hyundai of Trenton,CVT,All-Wheel Drive,Hybrid,N/A,N/A,"Ewing Township, NJ (124 mi.)","78,564 mi."
2019 Toyota RAV4 Hybrid XLE,"$24,207",Bennett Toyota,CVT,All-Wheel Drive,Hybrid,N/A,N/A,"Lebanon, PA (77 mi.)","64,518 mi."
2020 Jeep Cherokee Limited,"$20,399",Al Packer Ford,CVT,All-Wheel Drive,Hybrid,4.1,"2,174 reviews","Baltimore, MD (15 mi.)","54,832 mi."
2024 Toyota RAV4 Hybrid Woodland,Not Priced,Del Toyota,CVT,All-Wheel Drive,Hybrid,4.7,"6,925 reviews","Thorndale, PA (72 mi.)","38,140 mi."
2020 Toyota Highlander Hybrid XLE,"$35,595",Del Toyota,CVT,All-Wheel Drive,Hybrid,4.7,"6,925 reviews","Thorndale, PA (72 mi.)","51,520 mi."
2021 Toyota Venza LE,"$29,995",Del Toyota,CVT,All-Wheel Drive,Hybrid,4.7,"6,925 reviews","Thorndale, PA (72 mi.)","24,517 mi."
2024 Toyota Venza LE,"$33,990",Del Toyota,CVT,All-Wheel Drive,Hybrid,4.7,"6,925 reviews","Thorndale, PA (72 mi.)","29,697 mi."
2021 Toyota Sienna XLE,Not Priced,CMA's Chevrolet of Martinsburg,CVT,All-Wheel Drive,Hybrid,2.7,68 reviews,"Martinsburg, WV (72 mi.)","77,327 mi."
2015 Lexus RX 450h Base,Not Priced,Faulkner Volkswagen,CVT,All-Wheel Drive,Hybrid,4.2,347 reviews,"Mechanicsburg, PA (72 mi.)",0 mi.
2025 Toyota Camry SE,"$33,991",Team Toyota of Glen Mills,CVT,All-Wheel Drive,Hybrid,4,"1,306 reviews","Glen Mills, PA (76 mi.)","4,793 mi."
2024 Toyota RAV4 Hybrid LE,"$32,991",Team Toyota of Glen Mills,CVT,All-Wheel Drive,Hybrid,4,"1,306 reviews","Glen Mills, PA (76 mi.)","14,853 mi."
2022 Lexus NX 350h Premium,"$39,800",MotorWorld Lexus,CVT,All-Wheel Drive,Hybrid,N/A,N/A,"Wilkes-Barre, PA (147 mi.)","56,400 mi."
2022 Lexus LS 500h Base,"$97,974",Lexus of Cherry Hill,CVT,All-Wheel Drive,Hybrid,N/A,N/A,"Mount Laurel, NJ (104 mi.)","22,584 mi."
2024 Toyota RAV4 Prime XSE,"$46,987",Gloucester Toyota,CVT,All-Wheel Drive,Hybrid,N/A,N/A,"Gloucester, VA (130 mi.)","1,000 mi."
2021 Toyota Venza Limited,"$31,982",W & L Subaru,CVT,All-Wheel Drive,Hybrid,N/A,N/A,"Northumberland, PA (116 mi.)","38,696 mi."
2021 Lexus NX 300h,"$29,000",Lester Glenn Hyundai,CVT,All-Wheel Drive,Hybrid,N/A,N/A,"Toms River, NJ (143 mi.)","60,351 mi."
2021 Toyota RAV4 Hybrid XLE,"$28,396",Hertrich Chevrolet Toyota of Pocomoke,CVT,All-Wheel Drive,Hybrid,N/A,N/A,"Pocomoke City, MD (103 mi.)","48,808 mi."
2023 Toyota Highlander Hybrid XLE,"$42,497",Stuckey Nissan of State College,CVT,All-Wheel Drive,Hybrid,N/A,N/A,"State College, PA (123 mi.)","32,250 mi."
2024 Toyota Grand Highlander Hybrid XLE,"$50,950",Wilkie Lexus,CVT,All-Wheel Drive,Hybrid,N/A,N/A,"Haverford, PA (91 mi.)","6,345 mi."
2019 Toyota RAV4 Hybrid Limited,"$24,915",Hyundai of Trenton,CVT,All-Wheel Drive,Hybrid,N/A,N/A,"Ewing Township, NJ (124 mi.)","78,564 mi."
2019 Toyota RAV4 Hybrid XLE,"$24,207",Bennett Toyota,CVT,All-Wheel Drive,Hybrid,N/A,N/A,"Lebanon, PA (77 mi.)","64,518 mi."
2020 Jeep Cherokee Limited,"$20,399",Al Packer Ford,CVT,All-Wheel Drive,Hybrid,4.1,"2,174 reviews","Baltimore, MD (15 mi.)","54,832 mi."
2024 Toyota RAV4 Hybrid Woodland,Not Priced,Del Toyota,CVT,All-Wheel Drive,Hybrid,4.7,"6,925 reviews","Thorndale, PA (72 mi.)","38,140 mi."
2020 Toyota Highlander Hybrid XLE,"$35,595",Del Toyota,CVT,All-Wheel Drive,Hybrid,4.7,"6,925 reviews","Thorndale, PA (72 mi.)","51,520 mi."
2021 Toyota Venza LE,"$29,995",Del Toyota,CVT,All-Wheel Drive,Hybrid,4.7,"6,925 reviews","Thorndale, PA (72 mi.)","24,517 mi."
2024 Toyota Venza LE,"$33,990",Del Toyota,CVT,All-Wheel Drive,Hybrid,4.7,"6,925 reviews","Thorndale, PA (72 mi.)","29,697 mi."
2021 Toyota Sienna XLE,Not Priced,CMA's Chevrolet of Martinsburg,CVT,All-Wheel Drive,Hybrid,2.7,68 reviews,"Martinsburg, WV (72 mi.)","77,327 mi."
2015 Lexus RX 450h Base,Not Priced,Faulkner Volkswagen,CVT,All-Wheel Drive,Hybrid,4.2,347 reviews,"Mechanicsburg, PA (72 mi.)",0 mi.
2025 Toyota Camry SE,"$33,991",Team Toyota of Glen Mills,CVT,All-Wheel Drive,Hybrid,4,"1,306 reviews","Glen Mills, PA (76 mi.)","4,793 mi."
2024 Toyota RAV4 Hybrid LE,"$32,991",Team Toyota of Glen Mills,CVT,All-Wheel Drive,Hybrid,4,"1,306 reviews","Glen Mills, PA (76 mi.)","14,853 mi."
2022 Lexus NX 350h Premium,"$39,800",MotorWorld Lexus,CVT,All-Wheel Drive,Hybrid,N/A,N/A,"Wilkes-Barre, PA (147 mi.)","56,400 mi."
2022 Lexus LS 500h Base,"$97,974",Lexus of Cherry Hill,CVT,All-Wheel Drive,Hybrid,N/A,N/A,"Mount Laurel, NJ (104 mi.)","22,584 mi."
2024 Toyota RAV4 Prime XSE,"$46,987",Gloucester Toyota,CVT,All-Wheel Drive,Hybrid,N/A,N/A,"Gloucester, VA (130 mi.)","1,000 mi."
2021 Toyota Venza Limited,"$31,982",W & L Subaru,CVT,All-Wheel Drive,Hybrid,N/A,N/A,"Northumberland, PA (116 mi.)","38,696 mi."
2021 Lexus NX 300h,"$29,000",Lester Glenn Hyundai,CVT,All-Wheel Drive,Hybrid,N/A,N/A,"Toms River, NJ (143 mi.)","60,351 mi."
2021 Toyota RAV4 Hybrid XLE,"$28,396",Hertrich Chevrolet Toyota of Pocomoke,CVT,All-Wheel Drive,Hybrid,N/A,N/A,"Pocomoke City, MD (103 mi.)","48,808 mi."
2023 Toyota Highlander Hybrid XLE,"$42,497",Stuckey Nissan of State College,CVT,All-Wheel Drive,Hybrid,N/A,N/A,"State College, PA (123 mi.)","32,250 mi."
2024 Toyota Grand Highlander Hybrid XLE,"$50,950",Wilkie Lexus,CVT,All-Wheel Drive,Hybrid,N/A,N/A,"Haverford, PA (91 mi.)","6,345 mi."
2019 Toyota RAV4 Hybrid Limited,"$24,915",Hyundai of Trenton,CVT,All-Wheel Drive,Hybrid,N/A,N/A,"Ewing Township, NJ (124 mi.)","78,564 mi."
2019 Toyota RAV4 Hybrid XLE,"$24,207",Bennett Toyota,CVT,All-Wheel Drive,Hybrid,N/A,N/A,"Lebanon, PA (77 mi.)","64,518 mi."
2020 Jeep Cherokee Limited,"$20,399",Al Packer Ford,CVT,All-Wheel Drive,Hybrid,4.1,"2,174 reviews","Baltimore, MD (15 mi.)","54,832 mi."
2024 Toyota RAV4 Hybrid Woodland,Not Priced,Del Toyota,CVT,All-Wheel Drive,Hybrid,4.7,"6,925 reviews","Thorndale, PA (72 mi.)","38,140 mi."
2020 Toyota Highlander Hybrid XLE,"$35,595",Del Toyota,CVT,All-Wheel Drive,Hybrid,4.7,"6,925 reviews","Thorndale, PA (72 mi.)","51,520 mi."
2021 Toyota Venza LE,"$29,995",Del Toyota,CVT,All-Wheel Drive,Hybrid,4.7,"6,925 reviews","Thorndale, PA (72 mi.)","24,517 mi."
2024 Toyota Venza LE,"$33,990",Del Toyota,CVT,All-Wheel Drive,Hybrid,4.7,"6,925 reviews","Thorndale, PA (72 mi.)","29,697 mi."
2021 Toyota Sienna XLE,Not Priced,CMA's Chevrolet of Martinsburg,CVT,All-Wheel Drive,Hybrid,2.7,68 reviews,"Martinsburg, WV (72 mi.)","77,327 mi."
2015 Lexus RX 450h Base,Not Priced,Faulkner Volkswagen,CVT,All-Wheel Drive,Hybrid,4.2,347 reviews,"Mechanicsburg, PA (72 mi.)",0 mi.
2025 Toyota Camry SE,"$33,991",Team Toyota of Glen Mills,CVT,All-Wheel Drive,Hybrid,4,"1,306 reviews","Glen Mills, PA (76 mi.)","4,793 mi."
2024 Toyota RAV4 Hybrid LE,"$32,991",Team Toyota of Glen Mills,CVT,All-Wheel Drive,Hybrid,4,"1,306 reviews","Glen Mills, PA (76 mi.)","14,853 mi."
2022 Lexus NX 350h Premium,"$39,800",MotorWorld Lexus,CVT,All-Wheel Drive,Hybrid,N/A,N/A,"Wilkes-Barre, PA (147 mi.)","56,400 mi."
2022 Lexus LS 500h Base,"$97,974",Lexus of Cherry Hill,CVT,All-Wheel Drive,Hybrid,N/A,N/A,"Mount Laurel, NJ (104 mi.)","22,584 mi."
2024 Toyota RAV4 Prime XSE,"$46,987",Gloucester Toyota,CVT,All-Wheel Drive,Hybrid,N/A,N/A,"Gloucester, VA (130 mi.)","1,000 mi."
2021 Toyota Venza Limited,"$31,982",W & L Subaru,CVT,All-Wheel Drive,Hybrid,N/A,N/A,"Northumberland, PA (116 mi.)","38,696 mi."
2021 Lexus NX 300h,"$29,000",Lester Glenn Hyundai,CVT,All-Wheel Drive,Hybrid,N/A,N/A,"Toms River, NJ (143 mi.)","60,351 mi."
2021 Toyota RAV4 Hybrid XLE,"$28,396",Hertrich Chevrolet Toyota of Pocomoke,CVT,All-Wheel Drive,Hybrid,N/A,N/A,"Pocomoke City, MD (103 mi.)","48,808 mi."
2023 Toyota Highlander Hybrid XLE,"$42,497",Stuckey Nissan of State College,CVT,All-Wheel Drive,Hybrid,N/A,N/A,"State College, PA (123 mi.)","32,250 mi."
2024 Toyota Grand Highlander Hybrid XLE,"$50,950",Wilkie Lexus,CVT,All-Wheel Drive,Hybrid,N/A,N/A,"Haverford, PA (91 mi.)","6,345 mi."
2019 Toyota RAV4 Hybrid Limited,"$24,915",Hyundai of Trenton,CVT,All-Wheel Drive,Hybrid,N/A,N/A,"Ewing Township, NJ (124 mi.)","78,564 mi."
2019 Toyota RAV4 Hybrid XLE,"$24,207",Bennett Toyota,CVT,All-Wheel Drive,Hybrid,N/A,N/A,"Lebanon, PA (77 mi.)","64,518 mi."
2020 Jeep Cherokee Limited,"$20,399",Al Packer Ford,CVT,All-Wheel Drive,Hybrid,4.1,"2,174 reviews","Baltimore, MD (15 mi.)","54,832 mi."
2024 Toyota RAV4 Hybrid Woodland,Not Priced,Del Toyota,CVT,All-Wheel Drive,Hybrid,4.7,"6,925 reviews","Thorndale, PA (72 mi.)","38,140 mi."
2020 Toyota Highlander Hybrid XLE,"$35,595",Del Toyota,CVT,All-Wheel Drive,Hybrid,4.7,"6,925 reviews","Thorndale, PA (72 mi.)","51,520 mi."
2021 Toyota Venza LE,"$29,995",Del Toyota,CVT,All-Wheel Drive,Hybrid,4.7,"6,925 reviews","Thorndale, PA (72 mi.)","24,517 mi."
2024 Toyota Venza LE,"$33,990",Del Toyota,CVT,All-Wheel Drive,Hybrid,4.7,"6,925 reviews","Thorndale, PA (72 mi.)","29,697 mi."
2021 Toyota Sienna XLE,Not Priced,CMA's Chevrolet of Martinsburg,CVT,All-Wheel Drive,Hybrid,2.7,68 reviews,"Martinsburg, WV (72 mi.)","77,327 mi."
2015 Lexus RX 450h Base,Not Priced,Faulkner Volkswagen,CVT,All-Wheel Drive,Hybrid,4.2,347 reviews,"Mechanicsburg, PA (72 mi.)",0 mi.
2025 Toyota Camry SE,"$33,991",Team Toyota of Glen Mills,CVT,All-Wheel Drive,Hybrid,4,"1,306 reviews","Glen Mills, PA (76 mi.)","4,793 mi."
2024 Toyota RAV4 Hybrid LE,"$32,991",Team Toyota of Glen Mills,CVT,All-Wheel Drive,Hybrid,4,"1,306 reviews","Glen Mills, PA (76 mi.)","14,853 mi."
2022 Lexus NX 350h Premium,"$39,800",MotorWorld Lexus,CVT,All-Wheel Drive,Hybrid,N/A,N/A,"Wilkes-Barre, PA (147 mi.)","56,400 mi."
2022 Lexus LS 500h Base,"$97,974",Lexus of Cherry Hill,CVT,All-Wheel Drive,Hybrid,N/A,N/A,"Mount Laurel, NJ (104 mi.)","22,584 mi."
2024 Toyota RAV4 Prime XSE,"$46,987",Gloucester Toyota,CVT,All-Wheel Drive,Hybrid,N/A,N/A,"Gloucester, VA (130 mi.)","1,000 mi."
2021 Toyota Venza Limited,"$31,982",W & L Subaru,CVT,All-Wheel Drive,Hybrid,N/A,N/A,"Northumberland, PA (116 mi.)","38,696 mi."
2021 Lexus NX 300h,"$29,000",Lester Glenn Hyundai,CVT,All-Wheel Drive,Hybrid,N/A,N/A,"Toms River, NJ (143 mi.)","60,351 mi."
2021 Toyota RAV4 Hybrid XLE,"$28,396",Hertrich Chevrolet Toyota of Pocomoke,CVT,All-Wheel Drive,Hybrid,N/A,N/A,"Pocomoke City, MD (103 mi.)","48,808 mi."
2023 Toyota Highlander Hybrid XLE,"$42,497",Stuckey Nissan of State College,CVT,All-Wheel Drive,Hybrid,N/A,N/A,"State College, PA (123 mi.)","32,250 mi."
2024 Toyota Grand Highlander Hybrid XLE,"$50,950",Wilkie Lexus,CVT,All-Wheel Drive,Hybrid,N/A,N/A,"Haverford, PA (91 mi.)","6,345 mi."
2019 Toyota RAV4 Hybrid Limited,"$24,915",Hyundai of Trenton,CVT,All-Wheel Drive,Hybrid,N/A,N/A,"Ewing Township, NJ (124 mi.)","78,564 mi."
2019 Toyota RAV4 Hybrid XLE,"$24,207",Bennett Toyota,CVT,All-Wheel Drive,Hybrid,N/A,N/A,"Lebanon, PA (77 mi.)","64,518 mi."
2020 Jeep Cherokee Limited,"$20,399",Al Packer Ford,CVT,All-Wheel Drive,Hybrid,4.1,"2,174 reviews","Baltimore, MD (15 mi.)","54,832 mi."
2024 Toyota RAV4 Hybrid Woodland,Not Priced,Del Toyota,CVT,All-Wheel Drive,Hybrid,4.7,"6,925 reviews","Thorndale, PA (72 mi.)","38,140 mi."
2020 Toyota Highlander Hybrid XLE,"$35,595",Del Toyota,CVT,All-Wheel Drive,Hybrid,4.7,"6,925 reviews","Thorndale, PA (72 mi.)","51,520 mi."
2021 Toyota Venza LE,"$29,995",Del Toyota,CVT,All-Wheel Drive,Hybrid,4.7,"6,925 reviews","Thorndale, PA (72 mi.)","24,517 mi."
2024 Toyota Venza LE,"$33,990",Del Toyota,CVT,All-Wheel Drive,Hybrid,4.7,"6,925 reviews","Thorndale, PA (72 mi.)","29,697 mi."
2021 Toyota Sienna XLE,Not Priced,CMA's Chevrolet of Martinsburg,CVT,All-Wheel Drive,Hybrid,2.7,68 reviews,"Martinsburg, WV (72 mi.)","77,327 mi."
2015 Lexus RX 450h Base,Not Priced,Faulkner Volkswagen,CVT,All-Wheel Drive,Hybrid,4.2,347 reviews,"Mechanicsburg, PA (72 mi.)",0 mi.
2025 Toyota Camry SE,"$33,991",Team Toyota of Glen Mills,CVT,All-Wheel Drive,Hybrid,4,"1,306 reviews","Glen Mills, PA (76 mi.)","4,793 mi."
2024 Toyota RAV4 Hybrid LE,"$32,991",Team Toyota of Glen Mills,CVT,All-Wheel Drive,Hybrid,4,"1,306 reviews","Glen Mills, PA (76 mi.)","14,853 mi."
2022 Lexus NX 350h Premium,"$39,800",MotorWorld Lexus,CVT,All-Wheel Drive,Hybrid,N/A,N/A,"Wilkes-Barre, PA (147 mi.)","56,400 mi."
2022 Lexus LS 500h Base,"$97,974",Lexus of Cherry Hill,CVT,All-Wheel Drive,Hybrid,N/A,N/A,"Mount Laurel, NJ (104 mi.)","22,584 mi."
2024 Toyota RAV4 Prime XSE,"$46,987",Gloucester Toyota,CVT,All-Wheel Drive,Hybrid,N/A,N/A,"Gloucester, VA (130 mi.)","1,000 mi."
2021 Toyota Venza Limited,"$31,982",W & L Subaru,CVT,All-Wheel Drive,Hybrid,N/A,N/A,"Northumberland, PA (116 mi.)","38,696 mi."
2021 Lexus NX 300h,"$29,000",Lester Glenn Hyundai,CVT,All-Wheel Drive,Hybrid,N/A,N/A,"Toms River, NJ (143 mi.)","60,351 mi."
2021 Toyota RAV4 Hybrid XLE,"$28,396",Hertrich Chevrolet Toyota of Pocomoke,CVT,All-Wheel Drive,Hybrid,N/A,N/A,"Pocomoke City, MD (103 mi.)","48,808 mi."
2023 Toyota Highlander Hybrid XLE,"$42,497",Stuckey Nissan of State College,CVT,All-Wheel Drive,Hybrid,N/A,N/A,"State College, PA (123 mi.)","32,250 mi."
2024 Toyota Grand Highlander Hybrid XLE,"$50,950",Wilkie Lexus,CVT,All-Wheel Drive,Hybrid,N/A,N/A,"Haverford, PA (91 mi.)","6,345 mi."
2019 Toyota RAV4 Hybrid Limited,"$24,915",Hyundai of Trenton,CVT,All-Wheel Drive,Hybrid,N/A,N/A,"Ewing Township, NJ (124 mi.)","78,564 mi."
2019 Toyota RAV4 Hybrid XLE,"$24,207",Bennett Toyota,CVT,All-Wheel Drive,Hybrid,N/A,N/A,"Lebanon, PA (77 mi.)","64,518 mi."
2020 Jeep Cherokee Limited,"$20,399",Al Packer Ford,CVT,All-Wheel Drive,Hybrid,4.1,"2,174 reviews","Baltimore, MD (15 mi.)","54,832 mi."
2024 Toyota RAV4 Hybrid Woodland,Not Priced,Del Toyota,CVT,All-Wheel Drive,Hybrid,4.7,"6,925 reviews","Thorndale, PA (72 mi.)","38,140 mi."
2020 Toyota Highlander Hybrid XLE,"$35,595",Del Toyota,CVT,All-Wheel Drive,Hybrid,4.7,"6,925 reviews","Thorndale, PA (72 mi.)","51,520 mi."
2021 Toyota Venza LE,"$29,995",Del Toyota,CVT,All-Wheel Drive,Hybrid,4.7,"6,925 reviews","Thorndale, PA (72 mi.)","24,517 mi."
2024 Toyota Venza LE,"$33,990",Del Toyota,CVT,All-Wheel Drive,Hybrid,4.7,"6,925 reviews","Thorndale, PA (72 mi.)","29,697 mi."
2021 Toyota Sienna XLE,Not Priced,CMA's Chevrolet of Martinsburg,CVT,All-Wheel Drive,Hybrid,2.7,68 reviews,"Martinsburg, WV (72 mi.)","77,327 mi."
2015 Lexus RX 450h Base,Not Priced,Faulkner Volkswagen,CVT,All-Wheel Drive,Hybrid,4.2,347 reviews,"Mechanicsburg, PA (72 mi.)",0 mi.
2025 Toyota Camry SE,"$33,991",Team Toyota of Glen Mills,CVT,All-Wheel Drive,Hybrid,4,"1,306 reviews","Glen Mills, PA (76 mi.)","4,793 mi."
2024 Toyota RAV4 Hybrid LE,"$32,991",Team Toyota of Glen Mills,CVT,All-Wheel Drive,Hybrid,4,"1,306 reviews","Glen Mills, PA (76 mi.)","14,853 mi."
2022 Lexus NX 350h Premium,"$39,800",MotorWorld Lexus,CVT,All-Wheel Drive,Hybrid,N/A,N/A,"Wilkes-Barre, PA (147 mi.)","56,400 mi."
2022 Lexus LS 500h Base,"$97,974",Lexus of Cherry Hill,CVT,All-Wheel Drive,Hybrid,N/A,N/A,"Mount Laurel, NJ (104 mi.)","22,584 mi."
2024 Toyota RAV4 Prime XSE,"$46,987",Gloucester Toyota,CVT,All-Wheel Drive,Hybrid,N/A,N/A,"Gloucester, VA (130 mi.)","1,000 mi."
2021 Toyota Venza Limited,"$31,982",W & L Subaru,CVT,All-Wheel Drive,Hybrid,N/A,N/A,"Northumberland, PA (116 mi.)","38,696 mi."
2021 Lexus NX 300h,"$29,000",Lester Glenn Hyundai,CVT,All-Wheel Drive,Hybrid,N/A,N/A,"Toms River, NJ (143 mi.)","60,351 mi."
2021 Toyota RAV4 Hybrid XLE,"$28,396",Hertrich Chevrolet Toyota of Pocomoke,CVT,All-Wheel Drive,Hybrid,N/A,N/A,"Pocomoke City, MD (103 mi.)","48,808 mi."
2023 Toyota Highlander Hybrid XLE,"$42,497",Stuckey Nissan of State College,CVT,All-Wheel Drive,Hybrid,N/A,N/A,"State College, PA (123 mi.)","32,250 mi."
2024 Toyota Grand Highlander Hybrid XLE,"$50,950",Wilkie Lexus,CVT,All-Wheel Drive,Hybrid,N/A,N/A,"Haverford, PA (91 mi.)","6,345 mi."
2019 Toyota RAV4 Hybrid Limited,"$24,915",Hyundai of Trenton,CVT,All-Wheel Drive,Hybrid,N/A,N/A,"Ewing Township, NJ (124 mi.)","78,564 mi."
2019 Toyota RAV4 Hybrid XLE,"$24,207",Bennett Toyota,CVT,All-Wheel Drive,Hybrid,N/A,N/A,"Lebanon, PA (77 mi.)","64,518 mi."
2020 Jeep Cherokee Limited,"$20,399",Al Packer Ford,CVT,All-Wheel Drive,Hybrid,4.1,"2,174 reviews","Baltimore, MD (15 mi.)","54,832 mi."
2024 Toyota RAV4 Hybrid Woodland,Not Priced,Del Toyota,CVT,All-Wheel Drive,Hybrid,4.7,"6,925 reviews","Thorndale, PA (72 mi.)","38,140 mi."
2020 Toyota Highlander Hybrid XLE,"$35,595",Del Toyota,CVT,All-Wheel Drive,Hybrid,4.7,"6,925 reviews","Thorndale, PA (72 mi.)","51,520 mi."
2021 Toyota Venza LE,"$29,995",Del Toyota,CVT,All-Wheel Drive,Hybrid,4.7,"6,925 reviews","Thorndale, PA (72 mi.)","24,517 mi."
2024 Toyota Venza LE,"$33,990",Del Toyota,CVT,All-Wheel Drive,Hybrid,4.7,"6,925 reviews","Thorndale, PA (72 mi.)","29,697 mi."
2021 Toyota Sienna XLE,Not Priced,CMA's Chevrolet of Martinsburg,CVT,All-Wheel Drive,Hybrid,2.7,68 reviews,"Martinsburg, WV (72 mi.)","77,327 mi."
2015 Lexus RX 450h Base,Not Priced,Faulkner Volkswagen,CVT,All-Wheel Drive,Hybrid,4.2,347 reviews,"Mechanicsburg, PA (72 mi.)",0 mi.
2025 Toyota Camry SE,"$33,991",Team Toyota of Glen Mills,CVT,All-Wheel Drive,Hybrid,4,"1,306 reviews","Glen Mills, PA (76 mi.)","4,793 mi."
2024 Toyota RAV4 Hybrid LE,"$32,991",Team Toyota of Glen Mills,CVT,All-Wheel Drive,Hybrid,4,"1,306 reviews","Glen Mills, PA (76 mi.)","14,853 mi."
2022 Lexus NX 350h Premium,"$39,800",MotorWorld Lexus,CVT,All-Wheel Drive,Hybrid,N/A,N/A,"Wilkes-Barre, PA (147 mi.)","56,400 mi."
2022 Lexus LS 500h Base,"$97,974",Lexus of Cherry Hill,CVT,All-Wheel Drive,Hybrid,N/A,N/A,"Mount Laurel, NJ (104 mi.)","22,584 mi."
2024 Toyota RAV4 Prime XSE,"$46,987",Gloucester Toyota,CVT,All-Wheel Drive,Hybrid,N/A,N/A,"Gloucester, VA (130 mi.)","1,000 mi."
2021 Toyota Venza Limited,"$31,982",W & L Subaru,CVT,All-Wheel Drive,Hybrid,N/A,N/A,"Northumberland, PA (116 mi.)","38,696 mi."
2021 Lexus NX 300h,"$29,000",Lester Glenn Hyundai,CVT,All-Wheel Drive,Hybrid,N/A,N/A,"Toms River, NJ (143 mi.)","60,351 mi."
2021 Toyota RAV4 Hybrid XLE,"$28,396",Hertrich Chevrolet Toyota of Pocomoke,CVT,All-Wheel Drive,Hybrid,N/A,N/A,"Pocomoke City, MD (103 mi.)","48,808 mi."
2023 Toyota Highlander Hybrid XLE,"$42,497",Stuckey Nissan of State College,CVT,All-Wheel Drive,Hybrid,N/A,N/A,"State College, PA (123 mi.)","32,250 mi."
2024 Toyota Grand Highlander Hybrid XLE,"$50,950",Wilkie Lexus,CVT,All-Wheel Drive,Hybrid,N/A,N/A,"Haverford, PA (91 mi.)","6,345 mi."
2019 Toyota RAV4 Hybrid Limited,"$24,915",Hyundai of Trenton,CVT,All-Wheel Drive,Hybrid,N/A,N/A,"Ewing Township, NJ (124 mi.)","78,564 mi."
2019 Toyota RAV4 Hybrid XLE,"$24,207",Bennett Toyota,CVT,All-Wheel Drive,Hybrid,N/A,N/A,"Lebanon, PA (77 mi.)","64,518 mi."
2020 Jeep Cherokee Limited,"$20,399",Al Packer Ford,CVT,All-Wheel Drive,Hybrid,4.1,"2,174 reviews","Baltimore, MD (15 mi.)","54,832 mi."
2024 Toyota RAV4 Hybrid Woodland,Not Priced,Del Toyota,CVT,All-Wheel Drive,Hybrid,4.7,"6,925 reviews","Thorndale, PA (72 mi.)","38,140 mi."
2020 Toyota Highlander Hybrid XLE,"$35,595",Del Toyota,CVT,All-Wheel Drive,Hybrid,4.7,"6,925 reviews","Thorndale, PA (72 mi.)","51,520 mi."
2021 Toyota Venza LE,"$29,995",Del Toyota,CVT,All-Wheel Drive,Hybrid,4.7,"6,925 reviews","Thorndale, PA (72 mi.)","24,517 mi."
2024 Toyota Venza LE,"$33,990",Del Toyota,CVT,All-Wheel Drive,Hybrid,4.7,"6,925 reviews","Thorndale, PA (72 mi.)","29,697 mi."
2021 Toyota Sienna XLE,Not Priced,CMA's Chevrolet of Martinsburg,CVT,All-Wheel Drive,Hybrid,2.7,68 reviews,"Martinsburg, WV (72 mi.)","77,327 mi."
2015 Lexus RX 450h Base,Not Priced,Faulkner Volkswagen,CVT,All-Wheel Drive,Hybrid,4.2,347 reviews,"Mechanicsburg, PA (72 mi.)",0 mi.
2025 Toyota Camry SE,"$33,991",Team Toyota of Glen Mills,CVT,All-Wheel Drive,Hybrid,4,"1,306 reviews","Glen Mills, PA (76 mi.)","4,793 mi."
2024 Toyota RAV4 Hybrid LE,"$32,991",Team Toyota of Glen Mills,CVT,All-Wheel Drive,Hybrid,4,"1,306 reviews","Glen Mills, PA (76 mi.)","14,853 mi."
2022 Lexus NX 350h Premium,"$39,800",MotorWorld Lexus,CVT,All-Wheel Drive,Hybrid,N/A,N/A,"Wilkes-Barre, PA (147 mi.)","56,400 mi."
2022 Lexus LS 500h Base,"$97,974",Lexus of Cherry Hill,CVT,All-Wheel Drive,Hybrid,N/A,N/A,"Mount Laurel, NJ (104 mi.)","22,584 mi."
2024 Toyota RAV4 Prime XSE,"$46,987",Gloucester Toyota,CVT,All-Wheel Drive,Hybrid,N/A,N/A,"Gloucester, VA (130 mi.)","1,000 mi."
2021 Toyota Venza Limited,"$31,982",W & L Subaru,CVT,All-Wheel Drive,Hybrid,N/A,N/A,"Northumberland, PA (116 mi.)","38,696 mi."
2021 Lexus NX 300h,"$29,000",Lester Glenn Hyundai,CVT,All-Wheel Drive,Hybrid,N/A,N/A,"Toms River, NJ (143 mi.)","60,351 mi."
2021 Toyota RAV4 Hybrid XLE,"$28,396",Hertrich Chevrolet Toyota of Pocomoke,CVT,All-Wheel Drive,Hybrid,N/A,N/A,"Pocomoke City, MD (103 mi.)","48,808 mi."
2023 Toyota Highlander Hybrid XLE,"$42,497",Stuckey Nissan of State College,CVT,All-Wheel Drive,Hybrid,N/A,N/A,"State College, PA (123 mi.)","32,250 mi."
2024 Toyota Grand Highlander Hybrid XLE,"$50,950",Wilkie Lexus,CVT,All-Wheel Drive,Hybrid,N/A,N/A,"Haverford, PA (91 mi.)","6,345 mi."
2019 Toyota RAV4 Hybrid Limited,"$24,915",Hyundai of Trenton,CVT,All-Wheel Drive,Hybrid,N/A,N/A,"Ewing Township, NJ (124 mi.)","78,564 mi."
2019 Toyota RAV4 Hybrid XLE,"$24,207",Bennett Toyota,CVT,All-Wheel Drive,Hybrid,N/A,N/A,"Lebanon, PA (77 mi.)","64,518 mi."
2020 Jeep Cherokee Limited,"$20,399",Al Packer Ford,CVT,All-Wheel Drive,Hybrid,4.1,"2,174 reviews","Baltimore, MD (15 mi.)","54,832 mi."
2024 Toyota RAV4 Hybrid Woodland,Not Priced,Del Toyota,CVT,All-Wheel Drive,Hybrid,4.7,"6,925 reviews","Thorndale, PA (72 mi.)","38,140 mi."
2020 Toyota Highlander Hybrid XLE,"$35,595",Del Toyota,CVT,All-Wheel Drive,Hybrid,4.7,"6,925 reviews","Thorndale, PA (72 mi.)","51,520 mi."
2021 Toyota Venza LE,"$29,995",Del Toyota,CVT,All-Wheel Drive,Hybrid,4.7,"6,925 reviews","Thorndale, PA (72 mi.)","24,517 mi."
2024 Toyota Venza LE,"$33,990",Del Toyota,CVT,All-Wheel Drive,Hybrid,4.7,"6,925 reviews","Thorndale, PA (72 mi.)","29,697 mi."
2021 Toyota Sienna XLE,Not Priced,CMA's Chevrolet of Martinsburg,CVT,All-Wheel Drive,Hybrid,2.7,68 reviews,"Martinsburg, WV (72 mi.)","77,327 mi."
2015 Lexus RX 450h Base,Not Priced,Faulkner Volkswagen,CVT,All-Wheel Drive,Hybrid,4.2,347 reviews,"Mechanicsburg, PA (72 mi.)",0 mi.
2025 Toyota Camry SE,"$33,991",Team Toyota of Glen Mills,CVT,All-Wheel Drive,Hybrid,4,"1,306 reviews","Glen Mills, PA (76 mi.)","4,793 mi."
2024 Toyota RAV4 Hybrid LE,"$32,991",Team Toyota of Glen Mills,CVT,All-Wheel Drive,Hybrid,4,"1,306 reviews","Glen Mills, PA (76 mi.)","14,853 mi."
2022 Lexus NX 350h Premium,"$39,800",MotorWorld Lexus,CVT,All-Wheel Drive,Hybrid,N/A,N/A,"Wilkes-Barre, PA (147 mi.)","56,400 mi."
2022 Lexus LS 500h Base,"$97,974",Lexus of Cherry Hill,CVT,All-Wheel Drive,Hybrid,N/A,N/A,"Mount Laurel, NJ (104 mi.)","22,584 mi."
2024 Toyota RAV4 Prime XSE,"$46,987",Gloucester Toyota,CVT,All-Wheel Drive,Hybrid,N/A,N/A,"Gloucester, VA (130 mi.)","1,000 mi."
2021 Toyota Venza Limited,"$31,982",W & L Subaru,CVT,All-Wheel Drive,Hybrid,N/A,N/A,"Northumberland, PA (116 mi.)","38,696 mi."
2021 Lexus NX 300h,"$29,000",Lester Glenn Hyundai,CVT,All-Wheel Drive,Hybrid,N/A,N/A,"Toms River, NJ (143 mi.)","60,351 mi."
2021 Toyota RAV4 Hybrid XLE,"$28,396",Hertrich Chevrolet Toyota of Pocomoke,CVT,All-Wheel Drive,Hybrid,N/A,N/A,"Pocomoke City, MD (103 mi.)","48,808 mi."
2023 Toyota Highlander Hybrid XLE,"$42,497",Stuckey Nissan of State College,CVT,All-Wheel Drive,Hybrid,N/A,N/A,"State College, PA (123 mi.)","32,250 mi."
2024 Toyota Grand Highlander Hybrid XLE,"$50,950",Wilkie Lexus,CVT,All-Wheel Drive,Hybrid,N/A,N/A,"Haverford, PA (91 mi.)","6,345 mi."
2019 Toyota RAV4 Hybrid Limited,"$24,915",Hyundai of Trenton,CVT,All-Wheel Drive,Hybrid,N/A,N/A,"Ewing Township, NJ (124 mi.)","78,564 mi."
2019 Toyota RAV4 Hybrid XLE,"$24,207",Bennett Toyota,CVT,All-Wheel Drive,Hybrid,N/A,N/A,"Lebanon, PA (77 mi.)","64,518 mi."
